outcome,did_coefficient,se_did,p_did,post_coefficient,se_post,p_post,treated_coefficient,se_treated,p_treated,r_stat,n_obs
y1,1.4127795309409326,0.023532375049231627,0,0.5245854411976937,0.016352670223109878,9.631629824942942e-225,0.03365119589048497,0.02074079671560614,0.10470693687014207,0.1976438294133468,108689
y2,2.1568633085387887,0.024129005104339803,0,0.5070740309783981,0.016418141348213077,1.529029908247977e-208,0.007898547879381592,0.020862575337501292,0.7049864855577042,0.301805021468231,108689
y3,-3.5992116254997697,0.025365589400290156,0,0.5220628354966754,0.016340382344792983,6.0193558284844996e-223,0.01682734928723096,0.02076827611159163,0.41780233139542045,0.4026637942895677,108689
