outcome,estimate,std_error,t_value,p_value
y1,2.1697855899018967,0.12616300818031573,17.198270881436006,2.7357414772931233e-66
y2,2.7676900061199636,0.1053694341766381,26.266535715474117,4.627207747786344e-152
y3,-5.145226817629457,0.13110517556487966,-39.24503205507133,0
