,year,business_id,personal_id,education_level,age,tenure,first_year_treatment,treatment,base_income
0,2010,151,1,medium,27,7,2015,0,29993.428306022466
1,2011,151,1,medium,28,8,2015,0,29223.47139765763
2,2012,151,1,medium,29,9,2015,0,31295.377076201385
3,2013,151,1,medium,30,10,2015,0,33546.05971281605
4,2014,151,1,medium,31,11,2015,0,30531.69325055333
5,2015,151,1,medium,32,12,2015,1,36031.72608610164
6,2016,151,1,medium,33,13,2015,1,40158.42563101478
7,2017,151,1,medium,34,14,2015,1,39034.86945830582
8,2018,151,1,medium,35,15,2015,1,37061.0512281301
9,2019,151,1,medium,36,16,2015,1,39585.12008717193
10,2020,151,1,medium,37,17,2015,1,38073.16461437508
11,2010,192,2,low,27,9,2013,0,26468.540492859487
12,2011,192,2,low,28,10,2013,0,28383.924543132067
13,2012,192,2,low,29,11,2013,0,24573.439510684402
14,2013,192,2,low,30,12,2013,1,30450.164334973935
15,2014,192,2,low,31,13,2013,1,33275.42494151805
16,2015,192,2,low,32,14,2013,1,32874.33775933115
17,2016,192,2,low,33,15,2013,1,36028.49466519055
18,2017,192,2,low,34,16,2013,1,34083.95184895758
19,2018,192,2,low,35,17,2013,1,33575.39259732942
20,2019,192,2,low,36,18,2013,1,39831.29753784311
21,2020,192,2,low,37,19,2013,1,36948.447399026925
22,2010,114,3,medium,30,4,2014,0,29435.056409375848
23,2011,114,3,medium,31,5,2014,0,26950.503627573085
24,2012,114,3,medium,32,6,2014,0,29211.234550949634
25,2013,114,3,medium,33,7,2014,0,31021.84517941973
26,2014,114,3,medium,34,8,2014,1,33998.0128451554
27,2015,114,3,medium,35,9,2014,1,37551.396036691345
28,2016,114,3,medium,36,10,2014,1,36098.72262016239
29,2017,114,3,medium,37,11,2014,1,37216.612500413445
30,2018,114,3,medium,38,12,2014,1,37096.586775541204
31,2019,114,3,medium,39,13,2014,1,42504.556369017875
32,2020,114,3,medium,40,14,2014,1,39273.00555052413
33,2010,171,4,medium,37,2,2016,0,28884.578142088198
34,2011,171,4,medium,38,3,2016,0,33145.08982420638
35,2012,171,4,medium,39,4,2016,0,29558.312700057955
36,2013,171,4,medium,40,5,2016,0,32917.72719000951
37,2014,171,4,medium,41,6,2016,0,29080.659752240448
38,2015,171,4,medium,42,7,2016,0,30843.627902203138
39,2016,171,4,medium,43,8,2016,1,39393.72247173825
40,2017,171,4,medium,44,9,2016,1,40976.93315999082
41,2018,171,4,medium,45,10,2016,1,40342.73656237994
42,2019,171,4,medium,46,11,2016,1,40268.70343522352
43,2020,171,4,medium,47,12,2016,1,40397.79260882142
44,2010,160,5,medium,48,7,2017,0,32342.956019265144
45,2011,160,5,medium,49,8,2017,0,34360.31158321058
46,2012,160,5,medium,50,9,2017,0,35378.722458080425
47,2013,160,5,medium,51,10,2017,0,38914.24445243783
48,2014,160,5,medium,52,11,2017,0,37987.23657913692
49,2015,160,5,medium,53,12,2017,0,34273.91968927453
50,2016,160,5,medium,54,13,2017,0,38948.16793878959
51,2017,160,5,medium,55,14,2017,1,43029.835439167364
52,2018,160,5,medium,56,15,2017,1,42946.15599938808
53,2019,160,5,medium,57,16,2017,1,46023.35257768173
54,2020,160,5,medium,58,17,2017,1,47361.9990449919
55,2010,120,6,low,53,6,2012,0,36462.5602382324
56,2011,120,6,low,54,7,2012,0,33421.56495355472
57,2012,120,6,low,55,8,2012,1,39981.57524829757
58,2013,120,6,low,56,9,2012,1,41762.52686280713
59,2014,120,6,low,57,10,2012,1,43551.090254244715
60,2015,120,6,low,58,11,2012,1,41141.65152430942
61,2016,120,6,low,59,12,2012,1,42228.682046672366
62,2017,120,6,low,60,13,2012,1,40887.33005198794
63,2018,120,6,low,61,14,2012,1,41207.58675183866
64,2019,120,6,low,62,15,2012,1,45725.05164478839
65,2020,120,6,low,63,16,2012,1,47312.48005714165
66,2010,182,7,medium,39,1,2016,0,31255.979756839333
67,2011,182,7,medium,40,2,2016,0,33907.065795784045
68,2012,182,7,medium,41,3,2016,0,33123.27205009527
69,2013,182,7,medium,42,4,2016,0,31609.76049078975
70,2014,182,7,medium,43,5,2016,0,34122.791211016825
71,2015,182,7,medium,44,6,2016,0,36976.07313293194
72,2016,182,7,medium,45,7,2016,1,39328.3479217801
73,2017,182,7,medium,46,8,2016,1,43029.28731162801
74,2018,182,7,medium,47,9,2016,1,35160.509791820514
75,2019,182,7,medium,48,10,2016,1,42543.805008750445
76,2020,182,7,medium,49,11,2016,1,41574.09413647634
77,2010,186,8,low,49,9,2017,0,33401.98529906826
78,2011,186,8,low,50,10,2017,0,34683.521553071005
79,2012,186,8,low,51,11,2017,0,31024.862170798213
80,2013,186,8,low,52,12,2017,0,35060.65622432498
81,2014,186,8,low,53,13,2017,0,36714.22514302349
82,2015,186,8,low,54,14,2017,0,39455.78808948303
83,2016,186,8,low,55,15,2017,0,35963.45956345271
84,2017,186,8,low,56,16,2017,1,40883.012794213624
85,2018,186,8,low,57,17,2017,1,41996.485912830925
86,2019,186,8,low,58,18,2017,1,45330.804235404146
87,2020,186,8,low,59,19,2017,1,44657.502219319365
88,2010,174,9,high,33,9,2015,0,33140.47959246592
89,2011,174,9,high,34,10,2015,0,35726.53486622671
90,2012,174,9,high,35,11,2015,0,35394.15509869608
91,2013,174,9,high,36,12,2015,0,37637.28998106578
92,2014,174,9,high,37,13,2015,0,34795.8938122453
93,2015,174,9,high,38,14,2015,1,41044.67570680446
94,2016,174,9,high,39,15,2015,1,41415.783693735684
95,2017,174,9,high,40,16,2015,1,39772.97010373576
96,2018,174,9,high,41,17,2015,1,43792.24055412915
97,2019,174,9,high,42,18,2015,1,44222.11054435978
98,2020,174,9,high,43,19,2015,1,44210.226913284925
99,2010,174,10,low,28,2,2016,0,25830.825733249705
100,2011,174,10,low,29,3,2016,0,23969.25851589917
101,2012,174,10,low,30,4,2016,0,26458.709354469283
102,2013,174,10,low,31,5,2016,0,27114.57096694646
103,2014,174,10,low,32,6,2016,0,26695.445461556763
104,2015,174,10,low,33,7,2016,0,28477.428576667982
105,2016,174,10,low,34,8,2016,1,35108.101713629076
106,2017,174,10,low,35,9,2016,1,38572.37180242106
107,2018,174,10,low,36,10,2016,1,35649.155625663676
108,2019,174,10,low,37,11,2016,1,36315.10078144553
109,2020,174,10,low,38,12,2016,1,36151.10816846767
110,2010,187,11,medium,38,3,2018,0,27662.45756940192
111,2011,187,11,medium,39,4,2018,0,31946.972249101567
112,2012,187,11,medium,40,5,2018,0,32620.460419882053
113,2013,187,11,medium,41,6,2018,0,37926.48422497057
114,2014,187,11,medium,42,7,2018,0,33115.27807043776
115,2015,187,11,medium,43,8,2018,0,34603.09468466722
116,2016,187,11,medium,44,9,2018,0,34430.57646058952
117,2017,187,11,medium,45,10,2018,0,32662.643924760938
118,2018,187,11,medium,46,11,2018,1,42785.64562903004
119,2019,187,11,medium,47,12,2018,1,42503.86606537355
120,2020,187,11,medium,48,13,2018,1,43082.063894086095
121,2010,199,12,high,29,5,2012,0,30381.225090410524
122,2011,199,12,high,30,6,2012,0,35505.5886218722
123,2012,199,12,high,31,7,2012,1,35396.29787441544
124,2013,199,12,high,32,8,2012,1,39873.71418760054
125,2014,199,12,high,33,9,2012,1,43580.91125161996
126,2015,199,12,high,34,10,2012,1,37718.927349738624
127,2016,199,12,high,35,11,2012,1,39067.40454079446
128,2017,199,12,high,36,12,2012,1,40899.30273017528
129,2018,199,12,high,37,13,2012,1,40193.0486917676
130,2019,199,12,high,38,14,2012,1,38598.673137867736
131,2020,199,12,high,39,15,2012,1,42337.125949612055
132,2010,123,13,medium,26,5,2017,0,26175.39257254779
133,2011,123,13,medium,27,6,2017,0,29747.18486127036
134,2012,123,13,medium,28,7,2017,0,27461.151531532392
135,2013,123,13,medium,29,8,2017,0,32899.86881003508
136,2014,123,13,medium,30,9,2017,0,28733.493415327524
137,2015,123,13,medium,31,10,2017,0,30155.87696758865
138,2016,123,13,medium,32,11,2017,0,32927.03443473934
139,2017,123,13,medium,33,12,2017,1,34338.27136713209
140,2018,123,13,medium,34,13,2017,1,37754.91986920826
141,2019,123,13,medium,35,14,2017,1,40414.285508564855
142,2020,123,13,medium,36,15,2017,1,35085.03353087755
143,2010,102,14,high,35,1,2017,0,33569.267717064606
144,2011,102,14,high,36,2,2017,0,34219.76558849685
145,2012,102,14,high,37,3,2017,0,35763.64574355462
146,2013,102,14,high,38,4,2017,0,32226.098578243837
147,2014,102,14,high,39,5,2017,0,32559.08677383145
148,2015,102,14,high,40,6,2017,0,36743.88313123379
149,2016,102,14,high,41,7,2017,0,36793.96934646637
150,2017,102,14,high,42,8,2017,1,42200.98570069175
151,2018,102,14,high,43,9,2017,1,42892.89641899395
152,2019,102,14,high,44,10,2017,1,41339.95055684302
153,2020,102,14,high,45,11,2017,1,43664.507394322005
154,2010,121,15,low,33,8,2017,0,29586.144946597364
155,2011,121,15,low,34,9,2017,0,28071.297163947263
156,2012,121,15,low,35,10,2017,0,33731.54902228952
157,2013,121,15,low,36,11,2017,0,31447.665841823575
158,2014,121,15,low,37,12,2017,0,28617.393005594702
159,2015,121,15,low,38,13,2017,0,32813.10721726766
160,2016,121,15,low,39,14,2017,0,30050.63665954536
161,2017,121,15,low,40,15,2017,1,39074.169207484905
162,2018,121,15,low,41,16,2017,1,40317.19115801481
163,2019,121,15,low,42,17,2017,1,36858.63536329658
164,2020,121,15,low,43,18,2017,1,40926.75225848865
165,2010,152,16,medium,48,8,2015,0,36325.561853873
166,2011,152,16,medium,49,9,2015,0,37644.12031998898
167,2012,152,16,medium,50,10,2015,0,40293.585965307895
168,2013,152,16,medium,51,11,2015,0,36509.223767994255
169,2014,152,16,medium,52,12,2015,0,35992.52767128502
170,2015,152,16,medium,53,13,2015,1,41220.97114074895
171,2016,152,16,medium,54,14,2015,1,41868.37943006912
172,2017,152,16,medium,55,15,2015,1,43845.796581171795
173,2018,152,16,medium,56,16,2015,1,45182.303949633286
174,2019,152,16,medium,57,17,2015,1,45553.38159866004
175,2020,152,16,medium,58,18,2015,1,47154.36649807205
176,2010,101,17,medium,27,4,2016,0,28426.003783755816
177,2011,101,17,medium,28,5,2016,0,31807.068154314635
178,2012,101,17,medium,29,6,2016,0,28870.68633352409
179,2013,101,17,medium,30,7,2016,0,35340.338333179236
180,2014,101,17,medium,31,8,2016,0,31651.33469553001
181,2015,101,17,medium,32,9,2016,0,29185.684887167434
182,2016,101,17,medium,33,10,2016,1,34258.215003877776
183,2017,101,17,medium,34,11,2016,1,37864.94483048637
184,2018,101,17,medium,35,12,2016,1,36953.0744293483
185,2019,101,17,medium,36,13,2016,1,39328.00098818418
186,2020,101,17,medium,37,14,2016,1,39346.475249147086
187,2010,187,18,medium,51,7,2015,0,36054.34217468625
188,2011,187,18,medium,52,8,2015,0,35006.41256386319
189,2012,187,18,medium,53,9,2015,0,34170.30555062827
190,2013,187,18,medium,54,10,2015,0,36806.97009586596
191,2014,187,18,medium,55,11,2015,0,39912.79758864694
192,2015,187,18,medium,56,12,2015,1,44128.18748826041
193,2016,187,18,medium,57,13,2015,1,41708.522442576024
194,2017,187,18,medium,58,14,2015,1,45046.361851702364
195,2018,187,18,medium,59,15,2015,1,45970.63475945767
196,2019,187,18,medium,60,16,2015,1,43932.28512759774
197,2020,187,18,medium,61,17,2015,1,46507.45021189105
198,2010,129,19,low,52,3,2013,0,33816.417436892
199,2011,129,19,low,53,4,2013,0,31914.059404338754
200,2012,129,19,low,54,5,2013,0,35415.57472069657
201,2013,129,19,low,55,6,2013,1,41321.56905273647
202,2014,129,19,low,56,7,2013,1,42866.10248635055
203,2015,129,19,low,57,8,2013,1,43307.604104069804
204,2016,129,19,low,58,9,2013,1,38944.661264085815
205,2017,129,19,low,59,10,2013,1,40324.349920169756
206,2018,129,19,low,60,11,2013,1,43730.07053441732
207,2019,129,19,low,61,12,2013,1,44227.57190182442
208,2020,129,19,low,62,13,2013,1,44730.09537261209
209,2010,137,20,low,53,6,2013,0,42305.46298130944
210,2011,137,20,low,54,7,2013,0,36241.781021386334
211,2012,137,20,low,55,8,2013,0,37871.131280361195
212,2013,137,20,low,56,9,2013,1,43008.0035269864
213,2014,137,20,low,57,10,2013,1,42902.7825026116
214,2015,137,20,low,58,11,2013,1,41469.46151071931
215,2016,137,20,low,59,12,2013,1,44117.93844098654
216,2017,137,20,low,60,13,2013,1,41554.34957092485
217,2018,137,20,low,61,14,2013,1,43126.36278651998
218,2019,137,20,low,62,15,2013,1,43129.27290434179
219,2020,137,20,low,63,16,2013,1,44763.74827877265
220,2010,101,21,low,33,9,2016,0,33829.317133347016
221,2011,101,21,low,34,10,2016,0,25965.469614816502
222,2012,101,21,low,35,11,2016,0,31572.520380749025
223,2013,101,21,low,36,12,2016,0,27474.568257620696
224,2014,101,21,low,37,13,2016,0,30256.136268421134
225,2015,101,21,low,38,14,2016,0,33877.90119393473
226,2016,101,21,low,39,15,2016,1,37328.560038190924
227,2017,101,21,low,40,16,2016,1,35544.510444141386
228,2018,101,21,low,41,17,2016,1,36769.39258148006
229,2019,101,21,low,42,18,2016,1,40059.195497869354
230,2020,101,21,low,43,19,2016,1,37739.266736565725
231,2010,163,22,medium,27,1,2018,0,28232.91717916395
232,2011,163,22,medium,28,2,2018,0,28391.14367980763
233,2012,163,22,medium,29,3,2018,0,27496.799304788365
234,2013,163,22,medium,30,4,2018,0,33587.88817865065
235,2014,163,22,medium,31,5,2018,0,31067.838044636024
236,2015,163,22,medium,32,6,2018,0,26249.714826684787
237,2016,163,22,medium,33,7,2018,0,31172.908629538855
238,2017,163,22,medium,34,8,2018,0,29976.427070463225
239,2018,163,22,medium,35,9,2018,1,38504.86666959245
240,2019,163,22,medium,36,10,2018,1,35714.9585231346
241,2020,163,22,medium,37,11,2018,1,37570.5271170662
242,2010,159,23,high,49,5,2015,0,39209.974557960915
243,2011,159,23,high,50,6,2015,0,40431.51038834024
244,2012,159,23,high,51,7,2015,0,36799.40718588845
245,2013,159,23,high,52,8,2015,0,39030.997528318105
246,2014,159,23,high,53,9,2015,0,39250.10937767809
247,2015,159,23,high,54,10,2015,1,44393.341534852574
248,2016,159,23,high,55,11,2015,1,49730.9084805622
249,2017,159,23,high,56,12,2015,1,47509.96342192191
250,2018,159,23,high,57,13,2015,1,44678.23209132991
251,2019,159,23,high,58,14,2015,1,49535.72389410955
252,2020,159,23,high,59,15,2015,1,52444.31239402527
253,2010,120,24,medium,26,4,2012,0,30164.930521102295
254,2011,120,24,medium,27,5,2012,0,25561.26006809197
255,2012,120,24,medium,28,6,2012,1,33131.531854267494
256,2013,120,24,medium,29,7,2012,1,37133.82229837325
257,2014,120,24,medium,30,8,2012,1,33684.66106876244
258,2015,120,24,medium,31,9,2012,1,36487.638856292455
259,2016,120,24,medium,32,10,2012,1,37649.268106858675
260,2017,120,24,medium,33,11,2012,1,34746.13905684384
261,2018,120,24,medium,34,12,2012,1,36980.9492878764
262,2019,120,24,medium,35,13,2012,1,31117.465319861854
263,2020,120,24,medium,36,14,2012,1,36051.22471733142
264,2010,132,25,low,36,8,2017,0,29394.86369721368
265,2011,132,25,low,37,9,2017,0,27904.433636070302
266,2012,132,25,low,38,10,2017,0,34164.82260786327
267,2013,132,25,low,39,11,2017,0,28539.717244078733
268,2014,132,25,low,40,12,2017,0,31019.91102660603
269,2015,132,25,low,41,13,2017,0,32661.481154572182
270,2016,132,25,low,42,14,2017,0,35782.54657813223
271,2017,132,25,low,43,15,2017,1,35528.27569764112
272,2018,132,25,low,44,16,2017,1,41226.32750430992
273,2019,132,25,low,45,17,2017,1,39420.46612203917
274,2020,132,25,low,46,18,2017,1,37936.982697904095
275,2010,175,26,high,34,1,2017,0,33824.20694852654
276,2011,175,26,high,35,2,2017,0,33798.11939114694
277,2012,175,26,high,36,3,2017,0,32699.56624568241
278,2013,175,26,high,37,4,2017,0,34539.60416998004
279,2014,175,26,high,38,5,2017,0,34129.37280627648
280,2015,175,26,high,39,6,2017,0,35627.03469050249
281,2016,175,26,high,40,7,2017,0,37224.26134904209
282,2017,175,26,high,41,8,2017,1,44572.0336322907
283,2018,175,26,high,42,9,2017,1,39424.3690023463
284,2019,175,26,high,43,10,2017,1,46666.06674931254
285,2020,175,26,high,44,11,2017,1,38995.824400954996
286,2010,157,27,medium,33,9,2016,0,30896.42980992883
287,2011,157,27,medium,34,10,2016,0,32876.63441296915
288,2012,157,27,medium,35,11,2016,0,32761.983735470065
289,2013,157,27,medium,36,12,2016,0,31454.600960358814
290,2014,157,27,medium,37,13,2016,0,32783.75549928545
291,2015,157,27,medium,38,14,2016,0,32713.998130682336
292,2016,157,27,medium,39,15,2016,1,38021.27048611158
293,2017,157,27,medium,40,16,2016,1,41399.204194042046
294,2018,157,27,medium,41,17,2016,1,40914.03097193009
295,2019,157,27,medium,42,18,2016,1,39314.18080947869
296,2020,157,27,medium,43,19,2016,1,42999.1997508665
297,2010,121,28,medium,39,6,2018,0,33014.599041753216
298,2011,121,28,medium,40,7,2018,0,34525.72423767792
299,2012,121,28,medium,41,8,2018,0,34659.25768384722
300,2013,121,28,medium,42,9,2018,0,32242.009978155857
301,2014,121,28,medium,43,10,2018,0,33279.63791960606
302,2015,121,28,medium,44,11,2018,0,36394.58721024652
303,2016,121,28,medium,45,12,2018,0,36620.74053086693
304,2017,121,28,medium,46,13,2018,0,35858.19681207171
305,2018,121,28,medium,47,14,2018,1,41634.65476661756
306,2019,121,28,medium,48,15,2018,1,44455.32979157685
307,2020,121,28,medium,49,16,2018,1,41216.85722232834
308,2010,188,29,low,32,4,2013,0,28994.194762340077
309,2011,188,29,low,33,5,2013,0,27995.61469513221
310,2012,188,29,low,34,6,2013,0,28464.637593545558
311,2013,188,29,low,35,7,2013,1,36597.55370397438
312,2014,188,29,low,36,8,2013,1,36550.83269797606
313,2015,188,29,low,37,9,2013,1,37027.01927200128
314,2016,188,29,low,38,10,2013,1,38510.95761430866
315,2017,188,29,low,39,11,2013,1,36442.00768326552
316,2018,188,29,low,40,12,2013,1,38263.905942589925
317,2019,188,29,low,41,13,2013,1,36779.466486813086
318,2020,188,29,low,42,14,2013,1,38548.332704976885
319,2010,148,30,medium,49,9,2013,0,35739.71389126463
320,2011,148,30,medium,50,10,2013,0,36693.99192998544
321,2012,148,30,medium,51,11,2013,0,38190.31405087383
322,2013,148,30,medium,52,12,2013,1,40863.55863353305
323,2014,148,30,medium,53,13,2013,1,47184.77455137092
324,2015,148,30,medium,54,14,2013,1,41487.96523700059
325,2016,148,30,medium,55,15,2013,1,41571.62277442453
326,2017,148,30,medium,56,16,2013,1,46816.221747000134
327,2018,148,30,medium,57,17,2013,1,46583.32538792587
328,2019,148,30,medium,58,18,2013,1,46748.23963410431
329,2020,148,30,medium,59,19,2013,1,47256.69101852856
330,2010,190,31,low,29,5,2017,0,27175.50645430617
331,2011,190,31,low,30,6,2017,0,25905.491257028338
332,2012,190,31,low,31,7,2017,0,28351.60911638745
333,2013,190,31,low,32,8,2017,0,27345.676576975777
334,2014,190,31,low,33,9,2017,0,31150.2394668355
335,2015,190,31,low,34,10,2017,0,29405.885236995724
336,2016,190,31,low,35,11,2017,0,28549.005606414976
337,2017,190,31,low,36,12,2017,1,35057.22831669401
338,2018,190,31,low,37,13,2017,1,37025.86290855125
339,2019,190,31,low,38,14,2017,1,35572.55089439205
340,2020,190,31,low,39,15,2017,1,35555.55920886714
341,2010,158,32,medium,35,5,2016,0,31487.374422983823
342,2011,158,32,medium,36,6,2016,0,31989.933142217447
343,2012,158,32,medium,37,7,2016,0,30986.11364925774
344,2013,158,32,medium,38,8,2016,0,31557.923388763353
345,2014,158,32,medium,39,9,2016,0,33464.09987471527
346,2015,158,32,medium,40,10,2016,0,30603.83131700535
347,2016,158,32,medium,41,11,2016,1,36185.07245124689
348,2017,158,32,medium,42,12,2016,1,38063.111557495125
349,2018,158,32,medium,43,13,2016,1,39573.105696576305
350,2019,158,32,medium,44,14,2016,1,41121.81513119601
351,2020,158,32,medium,45,15,2016,1,43950.712433899105
352,2010,141,33,high,51,5,2015,0,40515.31924640404
353,2011,141,33,high,52,6,2015,0,38980.122940073146
354,2012,141,33,high,53,7,2015,0,39761.96758419462
355,2013,141,33,high,54,8,2015,0,38294.94127072438
356,2014,141,33,high,55,9,2015,0,40762.97372801522
357,2015,141,33,high,56,10,2015,1,45722.68272215973
358,2016,141,33,high,57,11,2015,1,47445.43712067618
359,2017,141,33,high,58,12,2015,1,45645.53811289535
360,2018,141,33,high,59,13,2015,1,48838.69302848235
361,2019,141,33,high,60,14,2015,1,51365.47782600515
362,2020,141,33,high,61,15,2015,1,48582.47970308628
363,2010,191,34,low,26,1,2013,0,26303.423444197884
364,2011,191,34,low,27,2,2013,0,27380.287983422226
365,2012,191,34,low,28,3,2013,0,25697.55905622833
366,2013,191,34,low,29,4,2013,1,32448.184963620835
367,2014,191,34,low,30,5,2013,1,32525.18480156359
368,2015,191,34,low,31,6,2013,1,33195.352197097665
369,2016,191,34,low,32,7,2013,1,31953.980432289067
370,2017,191,34,low,33,8,2013,1,34049.020348517886
371,2018,191,34,low,34,9,2013,1,35495.9965824909
372,2019,191,34,low,35,10,2013,1,37902.287215590084
373,2020,191,34,low,36,11,2013,1,37418.54165217042
374,2010,159,35,medium,48,1,2015,0,38406.364915023114
375,2011,159,35,medium,49,2,2015,0,33065.304874223904
376,2012,159,35,medium,50,3,2015,0,36844.64127344135
377,2013,159,35,medium,51,4,2015,0,35966.684011476704
378,2014,159,35,medium,52,5,2015,0,40479.60586643535
379,2015,159,35,medium,53,6,2015,1,39983.4034292897
380,2016,159,35,medium,54,7,2015,1,40420.556315638445
381,2017,159,35,medium,55,8,2015,1,41401.214709111955
382,2018,159,35,medium,56,9,2015,1,38852.20855138038
383,2019,159,35,medium,57,10,2015,1,42548.48995663848
384,2020,159,35,medium,58,11,2015,1,42581.73467689261
385,2010,179,36,low,52,8,2018,0,35000.78757295242
386,2011,179,36,low,53,9,2018,0,35883.51195155432
387,2012,179,36,low,54,10,2018,0,39452.341678431774
388,2013,179,36,low,55,11,2018,0,38100.8476763721
389,2014,179,36,low,56,12,2018,0,35546.1926886752
390,2015,179,36,low,57,13,2018,0,35403.170657303286
391,2016,179,36,low,58,14,2018,0,38683.83834301301
392,2017,179,36,low,59,15,2018,0,35559.533585958714
393,2018,179,36,low,60,16,2018,1,47362.91753170871
394,2019,179,36,low,61,17,2018,1,46558.88024144257
395,2020,179,36,low,62,18,2018,1,43761.64869579059
396,2010,114,37,medium,39,8,2013,0,29373.730941818245
397,2011,114,37,medium,40,9,2013,0,36007.74474833083
398,2012,114,37,medium,41,10,2013,0,33570.920309494766
399,2013,114,37,medium,42,11,2013,1,41775.63262394692
400,2014,114,37,medium,43,12,2013,1,36611.144682411265
401,2015,114,37,medium,44,13,2013,1,39101.249954092455
402,2016,114,37,medium,45,14,2013,1,40810.487399436366
403,2017,114,37,medium,46,15,2013,1,41393.96118752949
404,2018,114,37,medium,47,16,2013,1,40899.86905704151
405,2019,114,37,medium,48,17,2013,1,43545.699864694994
406,2020,114,37,medium,49,18,2013,1,40664.75914123481
407,2010,161,38,medium,30,6,2013,0,29415.24102995741
408,2011,161,38,medium,31,7,2013,0,30440.591263423797
409,2012,161,38,medium,32,8,2013,0,31728.877668117497
410,2013,161,38,medium,33,9,2013,1,37623.22975617778
411,2014,161,38,medium,34,10,2013,1,34450.715816324264
412,2015,161,38,medium,35,11,2013,1,34131.771658528756
413,2016,161,38,medium,36,12,2013,1,40255.35364379702
414,2017,161,38,medium,37,13,2013,1,38864.62802395919
415,2018,161,38,medium,38,14,2013,1,37203.026926886894
416,2019,161,38,medium,39,15,2013,1,42302.30395104505
417,2020,161,38,medium,40,16,2013,1,39931.34926858572
418,2010,161,39,medium,32,4,2014,0,32258.594368127655
419,2011,161,39,medium,33,5,2014,0,30535.036962820217
420,2012,161,39,medium,34,6,2014,0,35021.495849763975
421,2013,161,39,medium,35,7,2014,0,34910.68168488641
422,2014,161,39,medium,36,8,2014,1,36402.07170304185
423,2015,161,39,medium,37,9,2014,1,39343.14190190871
424,2016,161,39,medium,38,10,2014,1,39190.7518991703
425,2017,161,39,medium,39,11,2014,1,41137.2631150647
426,2018,161,39,medium,40,12,2014,1,36970.153078839794
427,2019,161,39,medium,41,13,2014,1,40772.102919996876
428,2020,161,39,medium,42,14,2014,1,42016.848973699176
429,2010,146,40,medium,51,2,2013,0,31682.521027153773
430,2011,146,40,medium,52,3,2013,0,33333.48297466845
431,2012,146,40,medium,53,4,2013,0,32121.535644479798
432,2013,146,40,medium,54,5,2013,1,41161.18633111088
433,2014,146,40,medium,55,6,2013,1,43635.08451159192
434,2015,146,40,medium,56,7,2013,1,45704.714104192055
435,2016,146,40,medium,57,8,2013,1,43348.18956083955
436,2017,146,40,medium,58,9,2013,1,46957.23109114258
437,2018,146,40,medium,59,10,2013,1,41439.797083570214
438,2019,146,40,medium,60,11,2013,1,41293.23512128969
439,2020,146,40,medium,61,12,2013,1,45088.90460220676
440,2010,161,41,medium,29,2,2012,0,29368.130897878615
441,2011,161,41,medium,30,3,2012,0,29034.610503811815
442,2012,161,41,medium,31,4,2012,1,30465.115799920248
443,2013,161,41,medium,32,5,2012,1,34921.75992097442
444,2014,161,41,medium,33,6,2012,1,32991.060998990295
445,2015,161,41,medium,34,7,2012,1,37439.34509766008
446,2016,161,41,medium,35,8,2012,1,37333.196492193696
447,2017,161,41,medium,36,9,2012,1,35220.24042734529
448,2018,161,41,medium,37,10,2012,1,36572.26616532661
449,2019,161,41,medium,38,11,2012,1,35981.572956222095
450,2020,161,41,medium,39,12,2012,1,38474.641805453655
451,2010,150,42,medium,40,9,2016,0,35210.28464100248
452,2011,150,42,medium,41,10,2016,0,31828.547907328913
453,2012,150,42,medium,42,11,2016,0,35308.093031035685
454,2013,150,42,medium,43,12,2016,0,33739.48476325512
455,2014,150,42,medium,44,13,2016,0,33714.254335475314
456,2015,150,42,medium,45,14,2016,0,35585.93928009088
457,2016,150,42,medium,46,15,2016,1,39229.51535516125
458,2017,150,42,medium,47,16,2016,1,40692.701389305636
459,2018,150,42,medium,48,17,2016,1,39904.244214822305
460,2019,150,42,medium,49,18,2016,1,46729.45026583278
461,2020,150,42,medium,50,19,2016,1,43370.52710394346
462,2010,154,43,medium,50,5,2016,0,34100.54898401483
463,2011,154,43,medium,51,6,2016,0,36427.959821468445
464,2012,154,43,medium,52,7,2016,0,36275.34390061834
465,2013,154,43,medium,53,8,2016,0,36558.060800933556
466,2014,154,43,medium,54,9,2016,0,38728.33340008685
467,2015,154,43,medium,55,10,2016,0,39515.01542009461
468,2016,154,43,medium,56,11,2016,1,42438.99770477894
469,2017,154,43,medium,57,12,2016,1,42848.36351871064
470,2018,154,43,medium,58,13,2016,1,43949.89660569671
471,2019,154,43,medium,59,14,2016,1,40396.15767052883
472,2020,154,43,medium,60,15,2016,1,42469.6178756029
473,2010,163,44,medium,42,4,2015,0,35633.74853488905
474,2011,163,44,medium,43,5,2015,0,36689.935427002565
475,2012,163,44,medium,44,6,2015,0,33401.92792088725
476,2013,163,44,medium,45,7,2015,0,35553.11392611153
477,2014,163,44,medium,46,8,2015,0,35522.500309087074
478,2015,163,44,medium,47,9,2015,1,46557.76161691047
479,2016,163,44,medium,48,10,2015,1,43139.149822869156
480,2017,163,44,medium,49,11,2015,1,41144.164817038465
481,2018,163,44,medium,50,12,2015,1,39988.919118799146
482,2019,163,44,medium,51,13,2015,1,39187.10735948486
483,2020,163,44,medium,52,14,2015,1,43306.92727173444
484,2010,102,45,medium,30,1,2018,0,27187.29850943139
485,2011,102,45,medium,31,2,2018,0,26355.492580804654
486,2012,102,45,medium,32,3,2018,0,28406.854231514946
487,2013,102,45,medium,33,4,2018,0,28036.90399277121
488,2014,102,45,medium,34,5,2018,0,34074.283270145126
489,2015,102,45,medium,35,6,2018,0,32963.2795138989
490,2016,102,45,medium,36,7,2018,0,31684.054717366766
491,2017,102,45,medium,37,8,2018,0,35159.88827778005
492,2018,102,45,medium,38,9,2018,1,37854.73661529524
493,2019,102,45,medium,39,10,2018,1,36477.43159734347
494,2020,102,45,medium,40,11,2018,1,41746.24815453932
495,2010,150,46,medium,29,7,2013,0,30677.820087369317
496,2011,150,46,medium,30,8,2013,0,28025.507691347088
497,2012,150,46,medium,31,9,2013,0,30219.322643832784
498,2013,150,46,medium,32,10,2013,1,34348.763493230486
499,2014,150,46,medium,33,11,2013,1,33834.40053807133
500,2015,150,46,medium,34,12,2013,1,38952.355095063285
501,2016,150,46,medium,35,13,2013,1,41418.833280940264
502,2017,150,46,medium,36,14,2013,1,35302.864852361716
503,2018,150,46,medium,37,15,2013,1,39725.93847338114
504,2019,150,46,medium,38,16,2013,1,37798.71486175634
505,2020,150,46,medium,39,17,2013,1,38625.74923247061
506,2010,106,47,medium,52,3,2012,0,34515.21215152226
507,2011,106,47,medium,53,4,2012,0,34472.01846064037
508,2012,106,47,medium,54,5,2012,1,41797.04325588966
509,2013,106,47,medium,55,6,2012,1,40538.099767177926
510,2014,106,47,medium,56,7,2012,1,43240.91365155968
511,2015,106,47,medium,57,8,2012,1,43099.52378110173
512,2016,106,47,medium,58,9,2012,1,43222.10390626718
513,2017,106,47,medium,59,10,2012,1,42384.872675916806
514,2018,106,47,medium,60,11,2012,1,43546.457338863336
515,2019,106,47,medium,61,12,2012,1,46710.78245165151
516,2020,106,47,medium,62,13,2012,1,46701.83437524876
517,2010,120,48,medium,40,6,2015,0,30744.8895104029
518,2011,120,48,medium,41,7,2015,0,33398.664610858454
519,2012,120,48,medium,42,8,2015,0,35202.774246743575
520,2013,120,48,medium,43,9,2015,0,30861.189437757257
521,2014,120,48,medium,44,10,2015,0,35786.72038475987
522,2015,120,48,medium,45,11,2015,1,38874.752482108306
523,2016,120,48,medium,46,12,2015,1,41841.19733718632
524,2017,120,48,medium,47,13,2015,1,39673.481686914965
525,2018,120,48,medium,48,14,2015,1,38090.23579867096
526,2019,120,48,medium,49,15,2015,1,38944.915124233674
527,2020,120,48,medium,50,16,2015,1,42796.16989332277
528,2010,172,49,high,37,5,2014,0,35119.44500344296
529,2011,172,49,high,38,6,2014,0,33291.36674979118
530,2012,172,49,high,39,7,2014,0,36877.18491755475
531,2013,172,49,high,40,8,2014,0,32776.95987546208
532,2014,172,49,high,41,9,2014,1,41467.84040270537
533,2015,172,49,high,42,10,2014,1,39677.96760047509
534,2016,172,49,high,43,11,2014,1,41296.32778439568
535,2017,172,49,high,44,12,2014,1,43194.797342632824
536,2018,172,49,high,45,13,2014,1,41879.173269432096
537,2019,172,49,high,46,14,2014,1,43330.88891154035
538,2020,172,49,high,47,15,2014,1,46612.58561842888
539,2010,138,50,medium,52,5,2015,0,34946.216260953704
540,2011,138,50,medium,53,6,2015,0,38271.384224130285
541,2012,138,50,medium,54,7,2015,0,34840.58629068476
542,2013,138,50,medium,55,8,2015,0,38659.60835583057
543,2014,138,50,medium,56,9,2015,0,40983.1372413158
544,2015,138,50,medium,57,10,2015,1,38656.710999745424
545,2016,138,50,medium,58,11,2015,1,42506.209489059045
546,2017,138,50,medium,59,12,2015,1,45754.14425436108
547,2018,138,50,medium,60,13,2015,1,44693.90922791402
548,2019,138,50,medium,61,14,2015,1,46342.291746742616
549,2020,138,50,medium,62,15,2015,1,44892.02962656836
550,2010,117,51,low,29,5,2015,0,27373.1795749458
551,2011,117,51,low,30,6,2015,0,27388.645529215843
552,2012,117,51,low,31,7,2015,0,30535.564123319615
553,2013,117,51,low,32,8,2015,0,29208.841686602427
554,2014,117,51,low,33,9,2015,0,29875.205324150404
555,2015,117,51,low,34,10,2015,1,33876.24606775506
556,2016,117,51,low,35,11,2015,1,34224.78755185501
557,2017,117,51,low,36,12,2015,1,34834.88362436076
558,2018,117,51,low,37,13,2015,1,36988.904284756594
559,2019,117,51,low,38,14,2015,1,35858.03103835948
560,2020,117,51,low,39,15,2015,1,37779.549713792825
561,2010,103,52,medium,37,1,2013,0,34950.801597290876
562,2011,103,52,medium,38,2,2013,0,33042.24940686338
563,2012,103,52,medium,39,3,2013,0,31147.952935664318
564,2013,103,52,medium,40,4,2013,1,39702.42784432789
565,2014,103,52,medium,41,5,2013,1,36983.8492539569
566,2015,103,52,medium,42,6,2013,1,34223.750929644295
567,2016,103,52,medium,43,7,2013,1,36783.827378165195
568,2017,103,52,medium,44,8,2013,1,35558.41615794829
569,2018,103,52,medium,45,9,2013,1,39096.97303191738
570,2019,103,52,medium,46,10,2013,1,40336.836758379104
571,2020,103,52,medium,47,11,2013,1,44152.87462455057
572,2010,188,53,medium,41,1,2014,0,32653.854747528327
573,2011,188,53,medium,42,2,2014,0,32061.798942382273
574,2012,188,53,medium,43,3,2014,0,34658.811162366976
575,2013,188,53,medium,44,4,2014,0,29077.72938198423
576,2014,188,53,medium,45,5,2014,1,39471.22911621713
577,2015,188,53,medium,46,6,2014,1,41041.73038777393
578,2016,188,53,medium,47,7,2014,1,37042.827508440314
579,2017,188,53,medium,48,8,2014,1,42787.50808641386
580,2018,188,53,medium,49,9,2014,1,41676.99281498883
581,2019,188,53,medium,50,10,2014,1,40669.4241721984
582,2020,188,53,medium,51,11,2014,1,43265.56373221257
583,2010,159,54,high,42,3,2015,0,40241.38571560879
584,2011,159,54,high,43,4,2015,0,36563.73251011699
585,2012,159,54,high,44,5,2015,0,37196.44117260067
586,2013,159,54,high,45,6,2015,0,36281.278200919514
587,2014,159,54,high,46,7,2015,0,36000.31126107042
588,2015,159,54,high,47,8,2015,1,44860.67163308849
589,2016,159,54,high,48,9,2015,1,41987.832348182266
590,2017,159,54,high,49,10,2015,1,44343.13247443878
591,2018,159,54,high,50,11,2015,1,43744.68510646977
592,2019,159,54,high,51,12,2015,1,46157.95965149278
593,2020,159,54,high,52,13,2015,1,46367.3242105739
594,2010,113,55,low,32,4,2012,0,29975.0798885158
595,2011,113,55,low,33,5,2012,0,27379.967202290507
596,2012,113,55,low,34,6,2012,1,33360.25012941326
597,2013,113,55,low,35,7,2012,1,32442.472568435383
598,2014,113,55,low,36,8,2012,1,34011.413479847775
599,2015,113,55,low,37,9,2012,1,36154.6009860897
600,2016,113,55,low,38,10,2012,1,37413.9772332907
601,2017,113,55,low,39,11,2012,1,34555.66935164475
602,2018,113,55,low,40,12,2012,1,38639.21184021132
603,2019,113,55,low,41,13,2012,1,40111.275717609904
604,2020,113,55,low,42,14,2012,1,38726.8698064474
605,2010,108,56,low,37,5,2012,0,33353.59162511613
606,2011,108,56,low,38,6,2012,0,28552.421601792856
607,2012,108,56,low,39,7,2012,1,33110.69059337716
608,2013,108,56,low,40,8,2012,1,32542.55950219144
609,2014,108,56,low,41,9,2012,1,39592.088622978365
610,2015,108,56,low,42,10,2012,1,38408.731312708114
611,2016,108,56,low,43,11,2012,1,37488.83065817909
612,2017,108,56,low,44,12,2012,1,38659.93725263964
613,2018,108,56,low,45,13,2012,1,36349.02190540325
614,2019,108,56,low,46,14,2012,1,43991.503959233654
615,2020,108,56,low,47,15,2012,1,39858.44236395045
616,2010,189,57,medium,54,2,2016,0,36318.78958920979
617,2011,189,57,medium,55,3,2016,0,38051.533247797386
618,2012,189,57,medium,56,4,2016,0,38062.018463473425
619,2013,189,57,medium,57,5,2016,0,38047.76804855826
620,2014,189,57,medium,58,6,2016,0,36519.05108910937
621,2015,189,57,medium,59,7,2016,0,39542.93671427199
622,2016,189,57,medium,60,8,2016,1,47864.04899295007
623,2017,189,57,medium,61,9,2016,1,47290.840092309954
624,2018,189,57,medium,62,10,2016,1,48286.37325327879
625,2019,189,57,medium,63,11,2016,1,44577.56864713763
626,2020,189,57,medium,64,12,2016,1,44120.79035948284
627,2010,152,58,medium,53,8,2014,0,36748.42615980071
628,2011,152,58,medium,54,9,2014,0,37611.44982457739
629,2012,152,58,medium,55,10,2014,0,40188.383036941894
630,2013,152,58,medium,56,11,2014,0,35115.07074057036
631,2014,152,58,medium,57,12,2014,1,47059.10063892123
632,2015,152,58,medium,58,13,2014,1,44183.984202842024
633,2016,152,58,medium,59,14,2014,1,44146.23786010516
634,2017,152,58,medium,60,15,2014,1,43475.79124947966
635,2018,152,58,medium,61,16,2014,1,42690.286656268465
636,2019,152,58,medium,62,17,2014,1,48146.34116792383
637,2020,152,58,medium,63,18,2014,1,47146.635934376805
638,2010,101,59,high,43,2,2014,0,33220.07820051789
639,2011,101,59,high,44,3,2014,0,33709.84245587277
640,2012,101,59,high,45,4,2014,0,36128.43060141974
641,2013,101,59,high,46,5,2014,0,40638.04305057879
642,2014,101,59,high,47,6,2014,1,42280.81729727279
643,2015,101,59,high,48,7,2014,1,40293.71409376379
644,2016,101,59,high,49,8,2014,1,43308.51387182811
645,2017,101,59,high,50,9,2014,1,43754.55286050466
646,2018,101,59,high,51,10,2014,1,39406.226714116856
647,2019,101,59,high,52,11,2014,1,45191.410266964376
648,2020,101,59,high,53,12,2014,1,45338.13093958265
649,2010,183,60,low,50,9,2016,0,35692.412729626834
650,2011,183,60,low,51,10,2016,0,38497.91218989069
651,2012,183,60,low,52,11,2016,0,37553.130059095514
652,2013,183,60,low,53,12,2016,0,35262.22261889034
653,2014,183,60,low,54,13,2016,0,34086.94818251666
654,2015,183,60,low,55,14,2016,0,41946.71960649972
655,2016,183,60,low,56,15,2016,1,42418.43686802898
656,2017,183,60,low,57,16,2016,1,42827.858583825895
657,2018,183,60,low,58,17,2016,1,43251.749825779996
658,2019,183,60,low,59,18,2016,1,44196.16952153571
659,2020,183,60,low,60,19,2016,1,44011.279176152115
660,2010,191,61,high,27,2,2015,0,29852.675986239527
661,2011,191,61,high,28,3,2015,0,30406.282117519215
662,2012,191,61,high,29,4,2015,0,31934.493459568002
663,2013,191,61,high,30,5,2015,0,31413.15045773247
664,2014,191,61,high,31,6,2015,0,31574.30843464567
665,2015,191,61,high,32,7,2015,1,38712.860455383794
666,2016,191,61,high,33,8,2015,1,38490.04556515829
667,2017,191,61,high,34,9,2015,1,42507.98597716538
668,2018,191,61,high,35,10,2015,1,34698.060383213975
669,2019,191,61,high,36,11,2015,1,42683.013703844925
670,2020,191,61,high,37,12,2015,1,43492.17038499526
671,2010,159,62,low,48,9,2014,0,29553.2195351837
672,2011,159,62,low,49,10,2014,0,33514.624811839305
673,2012,159,62,low,50,11,2014,0,33957.11826800842
674,2013,159,62,low,51,12,2014,0,32384.976610564358
675,2014,159,62,low,52,13,2014,1,39144.36662481825
676,2015,159,62,low,53,14,2014,1,38978.848309068344
677,2016,159,62,low,54,15,2014,1,45204.540886847244
678,2017,159,62,low,55,16,2014,1,44071.35678629492
679,2018,159,62,low,56,17,2014,1,45243.110189988314
680,2019,159,62,low,57,18,2014,1,44643.34412808647
681,2020,159,62,low,58,19,2014,1,41441.89645756554
682,2010,170,63,high,32,7,2012,0,32450.959467440454
683,2011,170,63,high,33,8,2012,0,34978.74912245583
684,2012,170,63,high,34,9,2012,1,37055.74438221611
685,2013,170,63,high,35,10,2012,1,41425.99686034478
686,2014,170,63,high,36,11,2012,1,40019.34920368373
687,2015,170,63,high,37,12,2012,1,40250.35838490081
688,2016,170,63,high,38,13,2012,1,42921.91993640699
689,2017,170,63,high,39,14,2012,1,42888.52662297208
690,2018,170,63,high,40,15,2012,1,41778.06766836184
691,2019,170,63,high,41,16,2012,1,45318.6596067285
692,2020,170,63,high,42,17,2012,1,41337.8733448002
693,2010,143,64,low,26,8,2012,0,28131.871213888528
694,2011,143,64,low,27,9,2012,0,28586.202515936766
695,2012,143,64,low,28,10,2012,1,32280.90712137202
696,2013,143,64,low,29,11,2012,1,34052.26604448423
697,2014,143,64,low,30,12,2012,1,31397.772847229393
698,2015,143,64,low,31,13,2012,1,36248.0540384138
699,2016,143,64,low,32,14,2012,1,34530.19572711402
700,2017,143,64,low,33,15,2012,1,34354.55395896192
701,2018,143,64,low,34,16,2012,1,37998.01845167378
702,2019,143,64,low,35,17,2012,1,34991.31261891448
703,2020,143,64,low,36,18,2012,1,34083.07740727288
704,2010,107,65,low,32,2,2013,0,24386.741652952194
705,2011,107,65,low,33,3,2013,0,29212.019902691278
706,2012,107,65,low,34,4,2013,0,25939.141295007434
707,2013,107,65,low,35,5,2013,1,37509.58836396873
708,2014,107,65,low,36,6,2013,1,30336.141184232554
709,2015,107,65,low,37,7,2013,1,38392.912736580074
710,2016,107,65,low,38,8,2013,1,35922.03493440524
711,2017,107,65,low,39,9,2013,1,35806.57377625922
712,2018,107,65,low,40,10,2013,1,35410.1618263821
713,2019,107,65,low,41,11,2013,1,37798.27222870414
714,2020,107,65,low,42,12,2013,1,37424.7305951503
715,2010,146,66,medium,51,7,2014,0,38406.60376403304
716,2011,146,66,medium,52,8,2014,0,36928.45529732408
717,2012,146,66,medium,53,9,2014,0,37500.60352292375
718,2013,146,66,medium,54,10,2014,0,36972.77557557229
719,2014,146,66,medium,55,11,2014,1,43086.10875255786
720,2015,146,66,medium,56,12,2014,1,44315.60353778412
721,2016,146,66,medium,57,13,2014,1,40779.66321468675
722,2017,146,66,medium,58,14,2014,1,42003.62915578857
723,2018,146,66,medium,59,15,2014,1,46686.52818804543
724,2019,146,66,medium,60,16,2014,1,46041.73087625588
725,2020,146,66,medium,61,17,2014,1,45832.033327294645
726,2010,134,67,high,37,6,2015,0,34836.867866130786
727,2011,134,67,high,38,7,2015,0,35995.16341072334
728,2012,134,67,high,39,8,2015,0,34720.480639381276
729,2013,134,67,high,40,9,2015,0,34743.39054919538
730,2014,134,67,high,41,10,2015,0,37191.69051019536
731,2015,134,67,high,42,11,2015,1,40343.25444476993
732,2016,134,67,high,43,12,2015,1,43616.50551142894
733,2017,134,67,high,44,13,2015,1,39894.83279152432
734,2018,134,67,high,45,14,2015,1,45858.311274651285
735,2019,134,67,high,46,15,2015,1,45245.194964826085
736,2020,134,67,high,47,16,2015,1,45312.059468627755
737,2010,177,68,high,37,4,2016,0,36365.38196789103
738,2011,177,68,high,38,5,2016,0,38230.94888892515
739,2012,177,68,high,39,6,2016,0,37428.74013003626
740,2013,177,68,high,40,7,2016,0,32218.25153733671
741,2014,177,68,high,41,8,2016,0,33840.8460665286
742,2015,177,68,high,42,9,2016,0,35650.362844608644
743,2016,177,68,high,43,10,2016,1,42452.18210042167
744,2017,177,68,high,44,11,2016,1,43935.31804093825
745,2018,177,68,high,45,12,2016,1,41948.51237369307
746,2019,177,68,high,46,13,2016,1,44273.533528954154
747,2020,177,68,high,47,14,2016,1,42889.23413529336
748,2010,180,69,medium,25,7,2016,0,27176.964394016104
749,2011,180,69,medium,26,8,2016,0,26086.677806303556
750,2012,180,69,medium,27,9,2016,0,27553.533507778193
751,2013,180,69,medium,28,10,2016,0,27196.630788767332
752,2014,180,69,medium,29,11,2016,0,28448.253494045333
753,2015,180,69,medium,30,12,2016,0,33007.28359321568
754,2016,180,69,medium,31,13,2016,1,34501.20222233611
755,2017,180,69,medium,32,14,2016,1,42164.76412967478
756,2018,180,69,medium,33,15,2016,1,38386.635801761775
757,2019,180,69,medium,34,16,2016,1,38269.672247389746
758,2020,180,69,medium,35,17,2016,1,36683.28443963757
759,2010,135,70,high,30,4,2015,0,33700.619758817986
760,2011,135,70,high,31,5,2015,0,31648.724347524454
761,2012,135,70,high,32,6,2015,0,33544.01962929072
762,2013,135,70,high,33,7,2015,0,38920.16907653759
763,2014,135,70,high,34,8,2015,0,34107.8802005507
764,2015,135,70,high,35,9,2015,1,42098.54665257135
765,2016,135,70,high,36,10,2015,1,38893.64714974823
766,2017,135,70,high,37,11,2015,1,40730.023019006076
767,2018,135,70,high,38,12,2015,1,44841.60127127102
768,2019,135,70,high,39,13,2015,1,40546.06588442447
769,2020,135,70,high,40,14,2015,1,45924.89711599386
770,2010,149,71,low,48,2,2018,0,33715.50387091095
771,2011,149,71,low,49,3,2018,0,31675.066448211466
772,2012,149,71,low,50,4,2018,0,34564.81547811104
773,2013,149,71,low,51,5,2018,0,35745.10889925346
774,2014,149,71,low,52,6,2018,0,35543.619924434395
775,2015,149,71,low,53,7,2018,0,31659.550560219086
776,2016,149,71,low,54,8,2018,0,33845.725648350264
777,2017,149,71,low,55,9,2018,0,35304.96272889699
778,2018,149,71,low,56,10,2018,1,41151.13314179991
779,2019,149,71,low,57,11,2018,1,43041.34419510136
780,2020,149,71,low,58,12,2018,1,42655.40200186651
781,2010,103,72,high,43,7,2017,0,34129.311282579794
782,2011,103,72,high,44,8,2017,0,38060.39570201193
783,2012,103,72,high,45,9,2017,0,39021.17149056765
784,2013,103,72,high,46,10,2017,0,39419.58089586208
785,2014,103,72,high,47,11,2017,0,40961.56145110924
786,2015,103,72,high,48,12,2017,0,40967.84430909781
787,2016,103,72,high,49,13,2017,0,40718.360158456875
788,2017,103,72,high,50,14,2017,1,45159.6685770827
789,2018,103,72,high,51,15,2017,1,42478.07813296802
790,2019,103,72,high,52,16,2017,1,47159.23643826517
791,2020,103,72,high,53,17,2017,1,47215.37537432622
792,2010,101,73,medium,40,8,2013,0,33643.15767439075
793,2011,101,73,medium,41,9,2013,0,31046.50284835938
794,2012,101,73,medium,42,10,2013,0,31937.886919183475
795,2013,101,73,medium,43,11,2013,1,41706.30570666581
796,2014,101,73,medium,44,12,2013,1,40020.88969228669
797,2015,101,73,medium,45,13,2013,1,41963.001394745246
798,2016,101,73,medium,46,14,2013,1,41156.63675226092
799,2017,101,73,medium,47,15,2013,1,41659.51227899149
800,2018,101,73,medium,48,16,2013,1,43976.56761195199
801,2019,101,73,medium,49,17,2013,1,41567.91054356525
802,2020,101,73,medium,50,18,2013,1,43292.24155388197
803,2010,105,74,medium,32,2,2016,0,28575.449422589914
804,2011,105,74,medium,33,3,2016,0,29131.00754513537
805,2012,105,74,medium,34,4,2016,0,29881.65575306272
806,2013,105,74,medium,35,5,2016,0,31444.267543267426
807,2014,105,74,medium,36,6,2016,0,30542.502756673046
808,2015,105,74,medium,37,7,2016,0,34511.51225114704
809,2016,105,74,medium,38,8,2016,1,35710.78539556099
810,2017,105,74,medium,39,9,2016,1,37626.256711677284
811,2018,105,74,medium,40,10,2016,1,37620.53788345165
812,2019,105,74,medium,41,11,2016,1,41893.95576870746
813,2020,105,74,medium,42,12,2016,1,39893.10955302315
814,2010,153,75,high,52,5,2014,0,41163.68907893727
815,2011,153,75,high,53,6,2014,0,36628.879253926054
816,2012,153,75,high,54,7,2014,0,40634.10053173852
817,2013,153,75,high,55,8,2014,0,42379.261591246875
818,2014,153,75,high,56,9,2014,1,46264.56797855085
819,2015,153,75,high,57,10,2014,1,48730.960750130704
820,2016,153,75,high,58,11,2014,1,46065.423099799256
821,2017,153,75,high,59,12,2014,1,50418.69488037116
822,2018,153,75,high,60,13,2014,1,52697.7962472385
823,2019,153,75,high,61,14,2014,1,47874.32287912068
824,2020,153,75,high,62,15,2014,1,48208.994957198454
825,2010,103,76,medium,25,1,2013,0,30106.768954235402
826,2011,103,76,medium,26,2,2013,0,30859.144291461424
827,2012,103,76,medium,27,3,2013,0,27154.279945693463
828,2013,103,76,medium,28,4,2013,1,32859.62636580828
829,2014,103,76,medium,29,5,2013,1,33636.430782278985
830,2015,103,76,medium,30,6,2013,1,32011.098977931448
831,2016,103,76,medium,31,7,2013,1,33362.6961070316
832,2017,103,76,medium,32,8,2013,1,33691.71846649586
833,2018,103,76,medium,33,9,2013,1,34664.404869791746
834,2019,103,76,medium,34,10,2013,1,36630.630225226436
835,2020,103,76,medium,35,11,2013,1,37668.429465073044
836,2010,153,77,medium,51,7,2014,0,39301.000985628154
837,2011,153,77,medium,52,8,2014,0,34703.29191852242
838,2012,153,77,medium,53,9,2014,0,39168.644796953165
839,2013,153,77,medium,54,10,2014,0,37272.02231154898
840,2014,153,77,medium,55,11,2014,1,43101.07258069514
841,2015,153,77,medium,56,12,2014,1,45049.63898433321
842,2016,153,77,medium,57,13,2014,1,41954.5559568754
843,2017,153,77,medium,58,14,2014,1,45464.8194923681
844,2018,153,77,medium,59,15,2014,1,45532.904416426114
845,2019,153,77,medium,60,16,2014,1,46684.9025280163
846,2020,153,77,medium,61,17,2014,1,46778.33728781564
847,2010,192,78,medium,51,8,2018,0,41310.60027982179
848,2011,192,78,medium,52,9,2018,0,35624.52003149737
849,2012,192,78,medium,53,10,2018,0,36338.006089996365
850,2013,192,78,medium,54,11,2018,0,36653.71894715047
851,2014,192,78,medium,55,12,2018,0,37289.04576167949
852,2015,192,78,medium,56,13,2018,0,37625.22574538697
853,2016,192,78,medium,57,14,2018,0,41778.0330622151
854,2017,192,78,medium,58,15,2018,0,42741.00849597971
855,2018,192,78,medium,59,16,2018,1,44258.50741250105
856,2019,192,78,medium,60,17,2018,1,44235.28885379154
857,2020,192,78,medium,61,18,2018,1,47342.83111277281
858,2010,162,79,high,40,6,2012,0,34595.55391143806
859,2011,162,79,high,41,7,2012,0,37465.86363551102
860,2012,162,79,high,42,8,2012,1,42105.8460417026
861,2013,162,79,high,43,9,2012,1,39168.511770005534
862,2014,162,79,high,44,10,2012,1,45795.010402660126
863,2015,162,79,high,45,11,2012,1,46791.75534619104
864,2016,162,79,high,46,12,2012,1,42474.422619031226
865,2017,162,79,high,47,13,2012,1,43424.59688012803
866,2018,162,79,high,48,14,2012,1,45271.73078144981
867,2019,162,79,high,49,15,2012,1,45868.91357997405
868,2020,162,79,high,50,16,2012,1,47017.08854534566
869,2010,117,80,low,33,5,2013,0,32420.4090775327
870,2011,117,80,low,34,6,2013,0,28546.105545011902
871,2012,117,80,low,35,7,2013,0,27803.405510923094
872,2013,117,80,low,36,8,2013,1,32141.361543970947
873,2014,117,80,low,37,9,2013,1,33938.13992011616
874,2015,117,80,low,38,10,2013,1,35833.746054252406
875,2016,117,80,low,39,11,2013,1,39989.115727035576
876,2017,117,80,low,40,12,2013,1,35864.777401927655
877,2018,117,80,low,41,13,2013,1,37847.5759032778
878,2019,117,80,low,42,14,2013,1,37867.154207854495
879,2020,117,80,low,43,15,2013,1,40776.78654689617
880,2010,189,81,high,37,6,2016,0,39853.86485174725
881,2011,189,81,high,38,7,2016,0,34238.26245415936
882,2012,189,81,high,39,8,2016,0,34821.12111496356
883,2013,189,81,high,40,9,2016,0,38388.321754138145
884,2014,189,81,high,41,10,2016,0,38163.782979252625
885,2015,189,81,high,42,11,2016,0,40993.41465147207
886,2016,189,81,high,43,12,2016,1,43967.85637065193
887,2017,189,81,high,44,13,2016,1,42581.41581842588
888,2018,189,81,high,45,14,2016,1,44981.30966138462
889,2019,189,81,high,46,15,2016,1,46517.407161165815
890,2020,189,81,high,47,16,2016,1,46440.96436239473
891,2010,143,82,medium,35,2,2013,0,31414.548062214595
892,2011,143,82,medium,36,3,2013,0,33033.34937917831
893,2012,143,82,medium,37,4,2013,0,33738.591180891344
894,2013,143,82,medium,38,5,2013,1,39664.31798207505
895,2014,143,82,medium,39,6,2013,1,38697.41977517928
896,2015,143,82,medium,40,7,2013,1,37565.76383936629
897,2016,143,82,medium,41,8,2013,1,38693.427372866645
898,2017,143,82,medium,42,9,2013,1,41313.017933016716
899,2018,143,82,medium,43,10,2013,1,37766.128658025526
900,2019,143,82,medium,44,11,2013,1,40637.3466177458
901,2020,143,82,medium,45,12,2013,1,39613.32237534528
902,2010,133,83,low,37,1,2013,0,28857.489645869635
903,2011,133,83,low,38,2,2013,0,31856.903725214597
904,2012,133,83,low,39,3,2013,0,30182.198136039806
905,2013,133,83,low,40,4,2013,1,35392.873096312294
906,2014,133,83,low,41,5,2013,1,33080.28771804016
907,2015,133,83,low,42,6,2013,1,37792.507132054445
908,2016,133,83,low,43,7,2013,1,38090.968362282154
909,2017,133,83,low,44,8,2013,1,41626.50944661092
910,2018,133,83,low,45,9,2013,1,37184.443530093995
911,2019,133,83,low,46,10,2013,1,38738.300655327876
912,2020,133,83,low,47,11,2013,1,39298.76736742151
913,2010,173,84,medium,49,7,2013,0,38754.90655952695
914,2011,173,84,medium,50,8,2013,0,35909.40893522609
915,2012,173,84,medium,51,9,2013,0,37158.04305154068
916,2013,173,84,medium,52,10,2013,1,43315.79301943308
917,2014,173,84,medium,53,11,2013,1,42973.21824631272
918,2015,173,84,medium,54,12,2013,1,42207.13277089894
919,2016,173,84,medium,55,13,2013,1,43988.17998579662
920,2017,173,84,medium,56,14,2013,1,46247.26349971954
921,2018,173,84,medium,57,15,2013,1,42546.96940117788
922,2019,173,84,medium,58,16,2013,1,45365.93934829375
923,2020,173,84,medium,59,17,2013,1,44199.75837012165
924,2010,161,85,medium,45,7,2017,0,36790.09325784969
925,2011,161,85,medium,46,8,2017,0,31853.62619043245
926,2012,161,85,medium,47,9,2017,0,34282.156305456825
927,2013,161,85,medium,48,10,2017,0,36654.42375012904
928,2014,161,85,medium,49,11,2017,0,39531.04805846868
929,2015,161,85,medium,50,12,2017,0,36768.49947785403
930,2016,161,85,medium,51,13,2017,0,36289.6009466136
931,2017,161,85,medium,52,14,2017,1,46662.31413888118
932,2018,161,85,medium,53,15,2017,1,40503.97219916751
933,2019,161,85,medium,54,16,2017,1,39502.388086759835
934,2020,161,85,medium,55,17,2017,1,45280.02890010666
935,2010,199,86,medium,34,2,2013,0,29095.89155129478
936,2011,199,86,medium,35,3,2013,0,28557.534365738575
937,2012,199,86,medium,36,4,2013,0,32516.712894598706
938,2013,199,86,medium,37,5,2013,1,37087.601427542395
939,2014,199,86,medium,38,6,2013,1,35971.842738526546
940,2015,199,86,medium,39,7,2013,1,35039.39120265821
941,2016,199,86,medium,40,8,2013,1,39844.914656560286
942,2017,199,86,medium,41,9,2013,1,39900.40235591732
943,2018,199,86,medium,42,10,2013,1,38901.648272441234
944,2019,199,86,medium,43,11,2013,1,43293.27399209533
945,2020,199,86,medium,44,12,2013,1,37959.830467347696
946,2010,113,87,medium,28,2,2014,0,25248.949658150523
947,2011,113,87,medium,29,3,2014,0,27416.18386023751
948,2012,113,87,medium,30,4,2014,0,29208.827967289006
949,2013,113,87,medium,31,5,2014,0,30286.678898645383
950,2014,113,87,medium,32,6,2014,1,34817.52788428734
951,2015,113,87,medium,33,7,2014,1,36504.110793028594
952,2016,113,87,medium,34,8,2014,1,33796.92115161911
953,2017,113,87,medium,35,9,2014,1,39687.529208146516
954,2018,113,87,medium,36,10,2014,1,37135.697643214866
955,2019,113,87,medium,37,11,2014,1,40034.59166317625
956,2020,113,87,medium,38,12,2014,1,38985.45069275541
957,2010,194,88,low,51,1,2012,0,33913.506438307566
958,2011,194,88,low,52,2,2012,0,34639.53456046441
959,2012,194,88,low,53,3,2012,1,39895.41712003463
960,2013,194,88,low,54,4,2012,1,40785.44551973509
961,2014,194,88,low,55,5,2012,1,42658.305060264865
962,2015,194,88,low,56,6,2012,1,40893.04233940294
963,2016,194,88,low,57,7,2012,1,42418.00751517702
964,2017,194,88,low,58,8,2012,1,41320.52861142554
965,2018,194,88,low,59,9,2012,1,44880.23443089895
966,2019,194,88,low,60,10,2012,1,41147.21539588146
967,2020,194,88,low,61,11,2012,1,46601.88086582163
968,2010,147,89,medium,30,8,2018,0,30019.684098711314
969,2011,147,89,medium,31,9,2018,0,27738.449795763903
970,2012,147,89,medium,32,10,2018,0,31356.20882982158
971,2013,147,89,medium,33,11,2018,0,30237.89668505024
972,2014,147,89,medium,34,12,2018,0,33781.287097977445
973,2015,147,89,medium,35,13,2018,0,31294.75204139522
974,2016,147,89,medium,36,14,2018,0,32207.63313357044
975,2017,147,89,medium,37,15,2018,0,29820.918538108937
976,2018,147,89,medium,38,16,2018,1,38195.387361501846
977,2019,147,89,medium,39,17,2018,1,34752.241346742085
978,2020,147,89,medium,40,18,2018,1,36932.19435302855
979,2010,114,90,high,52,8,2015,0,41220.829312288595
980,2011,114,90,high,53,9,2015,0,41771.600317301665
981,2012,114,90,high,54,10,2015,0,41550.91512356993
982,2013,114,90,high,55,11,2015,0,39266.04771374157
983,2014,114,90,high,56,12,2015,0,41604.57728771604
984,2015,114,90,high,57,13,2015,1,47192.794921818866
985,2016,114,90,high,58,14,2015,1,45383.270621614916
986,2017,114,90,high,59,15,2015,1,51206.7966035343
987,2018,114,90,high,60,16,2015,1,50454.72458115134
988,2019,114,90,high,61,17,2015,1,48758.07165234067
989,2020,114,90,high,62,18,2015,1,49753.77167798906
990,2010,171,91,medium,31,1,2013,0,29416.765615895107
991,2011,171,91,medium,32,2,2013,0,25416.53026315142
992,2012,171,91,medium,33,3,2013,0,29505.645234958807
993,2013,171,91,medium,34,4,2013,1,34136.0315040044
994,2014,171,91,medium,35,5,2013,1,33996.75998021017
995,2015,171,91,medium,36,6,2013,1,35937.79941422809
996,2016,171,91,medium,37,7,2013,1,40595.37305369905
997,2017,171,91,medium,38,8,2013,1,38781.68572253402
998,2018,171,91,medium,39,9,2013,1,36857.6420204344
999,2019,171,91,medium,40,10,2013,1,39645.16556271232
1000,2020,171,91,medium,41,11,2013,1,41798.71087317201
1001,2010,177,92,medium,29,8,2016,0,31649.267365825537
1002,2011,177,92,medium,30,9,2016,0,30419.26073984035
1003,2012,177,92,medium,31,10,2016,0,29506.126444588852
1004,2013,177,92,medium,32,11,2016,0,32696.44662722718
1005,2014,177,92,medium,33,12,2016,0,32586.970770843498
1006,2015,177,92,medium,34,13,2016,0,34090.38644005547
1007,2016,177,92,medium,35,14,2016,1,39070.34360336394
1008,2017,177,92,medium,36,15,2016,1,40399.10543063867
1009,2018,177,92,medium,37,16,2016,1,37729.529576878864
1010,2019,177,92,medium,38,17,2016,1,41934.78813126865
1011,2020,177,92,medium,39,18,2016,1,40195.1992093848
1012,2010,186,93,medium,35,9,2013,0,35950.52174525053
1013,2011,186,93,medium,36,10,2013,0,30921.624363820865
1014,2012,186,93,medium,37,11,2013,0,36271.9276063305
1015,2013,186,93,medium,38,12,2013,1,38695.8215669253
1016,2014,186,93,medium,39,13,2013,1,37497.1639927711
1017,2015,186,93,medium,40,14,2013,1,38332.228331891354
1018,2016,186,93,medium,41,15,2013,1,39159.30538361136
1019,2017,186,93,medium,42,16,2013,1,41148.331892803835
1020,2018,186,93,medium,43,17,2013,1,41845.670976071
1021,2019,186,93,medium,44,18,2013,1,40152.59999212284
1022,2020,186,93,medium,45,19,2013,1,41751.29081547803
1023,2010,161,94,medium,37,4,2016,0,35684.540717223725
1024,2011,161,94,medium,38,5,2016,0,35355.08634020142
1025,2012,161,94,medium,39,6,2016,0,33272.64733934806
1026,2013,161,94,medium,40,7,2016,0,32976.0069563364
1027,2014,161,94,medium,41,8,2016,0,33640.06265343652
1028,2015,161,94,medium,42,9,2016,0,35127.03594546083
1029,2016,161,94,medium,43,10,2016,1,37354.41486960319
1030,2017,161,94,medium,44,11,2016,1,39385.24692515331
1031,2018,161,94,medium,45,12,2016,1,37062.831852244824
1032,2019,161,94,medium,46,13,2016,1,41698.44624521056
1033,2020,161,94,medium,47,14,2016,1,42694.391879405484
1034,2010,139,95,medium,50,1,2014,0,33733.62707540125
1035,2011,139,95,medium,51,2,2014,0,38347.97352658006
1036,2012,139,95,medium,52,3,2014,0,33248.46867399532
1037,2013,139,95,medium,53,4,2014,0,33271.25023958036
1038,2014,139,95,medium,54,5,2014,1,42148.90363711995
1039,2015,139,95,medium,55,6,2014,1,44294.19660522431
1040,2016,139,95,medium,56,7,2014,1,46067.85538291574
1041,2017,139,95,medium,57,8,2014,1,42282.23147426212
1042,2018,139,95,medium,58,9,2014,1,45857.36166686259
1043,2019,139,95,medium,59,10,2014,1,44122.98306099859
1044,2020,139,95,medium,60,11,2014,1,44354.74540011836
1045,2010,184,96,medium,49,1,2016,0,36167.31987497334
1046,2011,184,96,medium,50,2,2016,0,36204.64575682684
1047,2012,184,96,medium,51,3,2016,0,32247.2156860315
1048,2013,184,96,medium,52,4,2016,0,38853.08069945179
1049,2014,184,96,medium,53,5,2016,0,39160.1827082949
1050,2015,184,96,medium,54,6,2016,0,35648.87459698094
1051,2016,184,96,medium,55,7,2016,1,43191.60706687482
1052,2017,184,96,medium,56,8,2016,1,43888.06037256548
1053,2018,184,96,medium,57,9,2016,1,43921.347531647814
1054,2019,184,96,medium,58,10,2016,1,42799.38969230916
1055,2020,184,96,medium,59,11,2016,1,43056.753264123894
1056,2010,179,97,low,43,3,2015,0,30948.89185801711
1057,2011,179,97,low,44,4,2015,0,33845.45803851873
1058,2012,179,97,low,45,5,2015,0,33087.20030918886
1059,2013,179,97,low,46,6,2015,0,31758.771335827787
1060,2014,179,97,low,47,7,2015,0,34543.397421296686
1061,2015,179,97,low,48,8,2015,1,32802.91475873985
1062,2016,179,97,low,49,9,2015,1,41297.53140074421
1063,2017,179,97,low,50,10,2015,1,36020.5724424438
1064,2018,179,97,low,51,11,2015,1,39275.118117193735
1065,2019,179,97,low,52,12,2015,1,38260.660210747716
1066,2020,179,97,low,53,13,2015,1,38410.63704855819
1067,2010,181,98,medium,47,5,2012,0,36921.65357475704
1068,2011,181,98,medium,48,6,2012,0,34164.59759737622
1069,2012,181,98,medium,49,7,2012,1,41293.00776346143
1070,2013,181,98,medium,50,8,2012,1,41006.15884224163
1071,2014,181,98,medium,51,9,2012,1,42554.08165444624
1072,2015,181,98,medium,52,10,2012,1,42253.64378212051
1073,2016,181,98,medium,53,11,2012,1,40034.01555162286
1074,2017,181,98,medium,54,12,2012,1,45092.53363889428
1075,2018,181,98,medium,55,13,2012,1,42612.48683367737
1076,2019,181,98,medium,56,14,2012,1,40986.8362026805
1077,2020,181,98,medium,57,15,2012,1,43743.76967806817
1078,2010,152,99,low,34,5,2016,0,31701.51958126862
1079,2011,152,99,low,35,6,2016,0,30900.443484226984
1080,2012,152,99,low,36,7,2016,0,29002.69573118428
1081,2013,152,99,low,37,8,2016,0,29501.484591363143
1082,2014,152,99,low,38,9,2016,0,30056.729897565234
1083,2015,152,99,low,39,10,2016,0,35353.49596712168
1084,2016,152,99,low,40,11,2016,1,37463.8709044631
1085,2017,152,99,low,41,12,2016,1,38060.08329438214
1086,2018,152,99,low,42,13,2016,1,39760.56690806369
1087,2019,152,99,low,43,14,2016,1,38677.57831805303
1088,2020,152,99,low,44,15,2016,1,38181.915708358596
1089,2010,123,100,low,34,9,2016,0,29107.300301830044
1090,2011,123,100,low,35,10,2016,0,29856.79748117187
1091,2012,123,100,low,36,11,2016,0,30425.555526980315
1092,2013,123,100,low,37,12,2016,0,32455.25908727396
1093,2014,123,100,low,38,13,2016,0,31603.8917716146
1094,2015,123,100,low,39,14,2016,0,33465.28015443116
1095,2016,123,100,low,40,15,2016,1,37338.566839782834
1096,2017,123,100,low,41,16,2016,1,38157.27038063218
1097,2018,123,100,low,42,17,2016,1,34503.59863093578
1098,2019,123,100,low,43,18,2016,1,40832.655349404966
1099,2020,123,100,low,44,19,2016,1,40192.97695179599
1100,2010,125,101,low,35,2,2012,0,30396.020219719303
1101,2011,125,101,low,36,3,2012,0,23107.48924361262
1102,2012,125,101,low,37,4,2012,1,38576.74940956145
1103,2013,125,101,low,38,5,2012,1,34620.820743689656
1104,2014,125,101,low,39,6,2012,1,37616.365633475034
1105,2015,125,101,low,40,7,2012,1,33820.188145748936
1106,2016,125,101,low,41,8,2012,1,37625.54781012514
1107,2017,125,101,low,42,9,2012,1,34793.168873652685
1108,2018,125,101,low,43,10,2012,1,36152.46207860839
1109,2019,125,101,low,44,11,2012,1,41728.062707733574
1110,2020,125,101,low,45,12,2012,1,38018.635198473305
1111,2010,188,102,low,45,2,2015,0,31834.865746359446
1112,2011,188,102,low,46,3,2015,0,33640.13546137751
1113,2012,188,102,low,47,4,2015,0,33391.36377594521
1114,2013,188,102,low,48,5,2015,0,33200.83781028715
1115,2014,188,102,low,49,6,2015,0,34129.92200493245
1116,2015,188,102,low,50,7,2015,1,43706.83117047655
1117,2016,188,102,low,51,8,2015,1,39284.76240593283
1118,2017,188,102,low,52,9,2015,1,40302.198093429935
1119,2018,188,102,low,53,10,2015,1,42501.308792015225
1120,2019,188,102,low,54,11,2015,1,43111.051865915964
1121,2020,188,102,low,55,12,2015,1,43774.06061112076
1122,2010,159,103,medium,54,6,2013,0,38177.46044405837
1123,2011,159,103,medium,55,7,2013,0,35113.99017453903
1124,2012,159,103,medium,56,8,2013,0,41166.86306460219
1125,2013,159,103,medium,57,9,2013,1,41107.309213962624
1126,2014,159,103,medium,58,10,2013,1,44505.270930478066
1127,2015,159,103,medium,59,11,2013,1,42891.44829996128
1128,2016,159,103,medium,60,12,2013,1,44771.72330681401
1129,2017,159,103,medium,61,13,2013,1,46057.52482060696
1130,2018,159,103,medium,62,14,2013,1,46542.714430900545
1131,2019,159,103,medium,63,15,2013,1,47243.84150847057
1132,2020,159,103,medium,64,16,2013,1,50127.422538117295
1133,2010,140,104,medium,31,9,2016,0,31507.06860302796
1134,2011,140,104,medium,32,10,2016,0,30611.686729418703
1135,2012,140,104,medium,33,11,2016,0,33528.17433657672
1136,2013,140,104,medium,34,12,2016,0,34478.940977849285
1137,2014,140,104,medium,35,13,2016,0,30144.784369726014
1138,2015,140,104,medium,36,14,2016,0,34294.80013969971
1139,2016,140,104,medium,37,15,2016,1,40002.345484621794
1140,2017,140,104,medium,38,16,2016,1,38504.87299328002
1141,2018,140,104,medium,39,17,2016,1,42351.41362662324
1142,2019,140,104,medium,40,18,2016,1,39799.88882593495
1143,2020,140,104,medium,41,19,2016,1,40851.15290694308
1144,2010,128,105,medium,42,1,2012,0,31953.85635143226
1145,2011,128,105,medium,43,2,2012,0,32831.15809516294
1146,2012,128,105,medium,44,3,2012,1,36107.449826209595
1147,2013,128,105,medium,45,4,2012,1,35919.89823481141
1148,2014,128,105,medium,46,5,2012,1,42489.010126449946
1149,2015,128,105,medium,47,6,2012,1,38106.077303363345
1150,2016,128,105,medium,48,7,2012,1,38317.21530108739
1151,2017,128,105,medium,49,8,2012,1,36493.21977279257
1152,2018,128,105,medium,50,9,2012,1,40022.07650462099
1153,2019,128,105,medium,51,10,2012,1,39153.82041318501
1154,2020,128,105,medium,52,11,2012,1,45584.03032027274
1155,2010,114,106,low,28,9,2014,0,29719.634178685268
1156,2011,114,106,low,29,10,2014,0,26823.69930964455
1157,2012,114,106,low,30,11,2014,0,33204.87161068862
1158,2013,114,106,low,31,12,2014,0,31163.53097398319
1159,2014,114,106,low,32,13,2014,1,34050.337232982754
1160,2015,114,106,low,33,14,2014,1,30201.188570252853
1161,2016,114,106,low,34,15,2014,1,40281.885145181484
1162,2017,114,106,low,35,16,2014,1,33420.85506647281
1163,2018,114,106,low,36,17,2014,1,33409.202506086214
1164,2019,114,106,low,37,18,2014,1,39245.14086401928
1165,2020,114,106,low,38,19,2014,1,42579.50481267855
1166,2010,144,107,high,26,9,2012,0,34868.54563702104
1167,2011,144,107,high,27,10,2012,0,33727.818240104716
1168,2012,144,107,high,28,11,2012,1,39289.50868333057
1169,2013,144,107,high,29,12,2012,1,40306.831117560614
1170,2014,144,107,high,30,13,2012,1,40617.85717957353
1171,2015,144,107,high,31,14,2012,1,40162.38284793875
1172,2016,144,107,high,32,15,2012,1,40308.40220790375
1173,2017,144,107,high,33,16,2012,1,40474.813744200954
1174,2018,144,107,high,34,17,2012,1,39592.07082226665
1175,2019,144,107,high,35,18,2012,1,41038.64984626645
1176,2020,144,107,high,36,19,2012,1,38714.08637160923
1177,2010,164,108,medium,38,9,2014,0,32503.3207464105
1178,2011,164,108,medium,39,10,2014,0,31222.817785698164
1179,2012,164,108,medium,40,11,2014,0,31492.82136556846
1180,2013,164,108,medium,41,12,2014,0,34559.78830230696
1181,2014,164,108,medium,42,13,2014,1,42484.0045726892
1182,2015,164,108,medium,43,14,2014,1,42036.63321200463
1183,2016,164,108,medium,44,15,2014,1,37558.99879275364
1184,2017,164,108,medium,45,16,2014,1,39220.74372685933
1185,2018,164,108,medium,46,17,2014,1,43581.54237597643
1186,2019,164,108,medium,47,18,2014,1,40235.02521292338
1187,2020,164,108,medium,48,19,2014,1,42250.73370000595
1188,2010,188,109,medium,37,5,2015,0,32700.104198049103
1189,2011,188,109,medium,38,6,2015,0,30163.311090272728
1190,2012,188,109,medium,39,7,2015,0,32810.75101229192
1191,2013,188,109,medium,40,8,2015,0,30431.94901016359
1192,2014,188,109,medium,41,9,2015,0,32397.264712097574
1193,2015,188,109,medium,42,10,2015,1,39739.56386828508
1194,2016,188,109,medium,43,11,2015,1,36414.012532936664
1195,2017,188,109,medium,44,12,2015,1,40980.949475920796
1196,2018,188,109,medium,45,13,2015,1,40560.72440214664
1197,2019,188,109,medium,46,14,2015,1,42204.9799088343
1198,2020,188,109,medium,47,15,2015,1,42047.82826812932
1199,2010,170,110,high,53,9,2013,0,42928.280859947685
1200,2011,170,110,high,54,10,2013,0,40950.44900529581
1201,2012,170,110,high,55,11,2013,0,40341.188917749496
1202,2013,170,110,high,56,12,2013,1,46944.59500606457
1203,2014,170,110,high,57,13,2013,1,48286.59605807278
1204,2015,170,110,high,58,14,2013,1,47797.72014065141
1205,2016,170,110,high,59,15,2013,1,48281.18338240776
1206,2017,170,110,high,60,16,2013,1,47296.01662438649
1207,2018,170,110,high,61,17,2013,1,47874.1981648981
1208,2019,170,110,high,62,18,2013,1,46894.78945640061
1209,2020,170,110,high,63,19,2013,1,53699.15348637388
1210,2010,108,111,high,36,4,2012,0,31612.27352921743
1211,2011,108,111,high,37,5,2012,0,33214.18960440819
1212,2012,108,111,high,38,6,2012,1,38663.18546886161
1213,2013,108,111,high,39,7,2012,1,42389.84875388888
1214,2014,108,111,high,40,8,2012,1,40510.10064341594
1215,2015,108,111,high,41,9,2012,1,44095.484145347466
1216,2016,108,111,high,42,10,2012,1,40753.01875151226
1217,2017,108,111,high,43,11,2012,1,43157.9883244476
1218,2018,108,111,high,44,12,2012,1,41429.30589348049
1219,2019,108,111,high,45,13,2012,1,47890.298255546775
1220,2020,108,111,high,46,14,2012,1,41724.803161940974
1221,2010,187,112,low,31,2,2018,0,27819.641420454056
1222,2011,187,112,low,32,3,2018,0,28967.553761864197
1223,2012,187,112,low,33,4,2018,0,29027.598194902996
1224,2013,187,112,low,34,5,2018,0,28329.424682244582
1225,2014,187,112,low,35,6,2018,0,28940.35860053315
1226,2015,187,112,low,36,7,2018,0,29787.62294395822
1227,2016,187,112,low,37,8,2018,0,29905.995996743022
1228,2017,187,112,low,38,9,2018,0,32627.75823358982
1229,2018,187,112,low,39,10,2018,1,40621.0460031827
1230,2019,187,112,low,40,11,2018,1,35585.01642998433
1231,2020,187,112,low,41,12,2018,1,34460.39404084184
1232,2010,100,113,medium,26,6,2018,0,28323.43590329749
1233,2011,100,113,medium,27,7,2018,0,34159.41867530864
1234,2012,100,113,medium,28,8,2018,0,27892.65086406054
1235,2013,100,113,medium,29,9,2018,0,33278.233610888135
1236,2014,100,113,medium,30,10,2018,0,33855.40162815288
1237,2015,100,113,medium,31,11,2018,0,29892.823516584012
1238,2016,100,113,medium,32,12,2018,0,32637.96615837055
1239,2017,100,113,medium,33,13,2018,0,35256.793246257075
1240,2018,100,113,medium,34,14,2018,1,36741.74451802503
1241,2019,100,113,medium,35,15,2018,1,37592.83927979528
1242,2020,100,113,medium,36,16,2018,1,37336.638172102714
1243,2010,107,114,high,37,4,2017,0,32370.486538614266
1244,2011,107,114,high,38,5,2017,0,33601.44490986798
1245,2012,107,114,high,39,6,2017,0,32952.11946647549
1246,2013,107,114,high,40,7,2017,0,35968.16693651845
1247,2014,107,114,high,41,8,2017,0,34860.05353788272
1248,2015,107,114,high,42,9,2017,0,37367.57182358149
1249,2016,107,114,high,43,10,2017,0,34288.20870759275
1250,2017,107,114,high,44,11,2017,1,43561.76046442892
1251,2018,107,114,high,45,12,2017,1,45067.05792321785
1252,2019,107,114,high,46,13,2017,1,39912.528714857086
1253,2020,107,114,high,47,14,2017,1,45148.113139695146
1254,2010,187,115,medium,38,6,2016,0,34555.337984946585
1255,2011,187,115,medium,39,7,2016,0,30180.71796261759
1256,2012,187,115,medium,40,8,2016,0,36445.144773675405
1257,2013,187,115,medium,41,9,2016,0,34438.03801873209
1258,2014,187,115,medium,42,10,2016,0,32689.976288483183
1259,2015,187,115,medium,43,11,2016,0,34488.461844684585
1260,2016,187,115,medium,44,12,2016,1,41216.653825043446
1261,2017,187,115,medium,45,13,2016,1,40752.01078282482
1262,2018,187,115,medium,46,14,2016,1,42177.511984892735
1263,2019,187,115,medium,47,15,2016,1,39758.65281384127
1264,2020,187,115,medium,48,16,2016,1,42438.721648072154
1265,2010,162,116,low,51,3,2015,0,30572.57100619004
1266,2011,162,116,low,52,4,2015,0,33677.5478773026
1267,2012,162,116,low,53,5,2015,0,32592.18471707042
1268,2013,162,116,low,54,6,2015,0,33428.94011482046
1269,2014,162,116,low,55,7,2015,0,37872.186350420874
1270,2015,162,116,low,56,8,2015,1,43082.62024118854
1271,2016,162,116,low,57,9,2015,1,42618.276241814354
1272,2017,162,116,low,58,10,2015,1,39715.37447065484
1273,2018,162,116,low,59,11,2015,1,41767.1831006104
1274,2019,162,116,low,60,12,2015,1,45326.195399958364
1275,2020,162,116,low,61,13,2015,1,43683.43382727981
1276,2010,110,117,medium,41,6,2012,0,37638.659079963385
1277,2011,110,117,medium,42,7,2012,0,34286.63567878874
1278,2012,110,117,medium,43,8,2012,1,39384.09823298006
1279,2013,110,117,medium,44,9,2012,1,38881.767071595
1280,2014,110,117,medium,45,10,2012,1,40267.081809564566
1281,2015,110,117,medium,46,11,2012,1,40195.06032723891
1282,2016,110,117,medium,47,12,2012,1,42416.21735337718
1283,2017,110,117,medium,48,13,2012,1,43413.40463358917
1284,2018,110,117,medium,49,14,2012,1,40428.0210789841
1285,2019,110,117,medium,50,15,2012,1,39837.534092884445
1286,2020,110,117,medium,51,16,2012,1,39327.589253793405
1287,2010,180,118,high,33,2,2018,0,33815.982653825085
1288,2011,180,118,high,34,3,2018,0,31093.266787652254
1289,2012,180,118,high,35,4,2018,0,29494.218814095035
1290,2013,180,118,high,36,5,2018,0,35077.15720906193
1291,2014,180,118,high,37,6,2018,0,39785.999034865585
1292,2015,180,118,high,38,7,2018,0,35287.858176920214
1293,2016,180,118,high,39,8,2018,0,37476.981548903284
1294,2017,180,118,high,40,9,2018,0,36463.65871709513
1295,2018,180,118,high,41,10,2018,1,41602.22069361772
1296,2019,180,118,high,42,11,2018,1,44138.15296597554
1297,2020,180,118,high,43,12,2018,1,42219.4509116227
1298,2010,107,119,medium,41,2,2016,0,32734.784628143807
1299,2011,107,119,medium,42,3,2016,0,33343.39561239203
1300,2012,107,119,medium,43,4,2016,0,31863.819092713904
1301,2013,107,119,medium,44,5,2016,0,35684.08469907304
1302,2014,107,119,medium,45,6,2016,0,33850.080486609186
1303,2015,107,119,medium,46,7,2016,0,33188.50968101431
1304,2016,107,119,medium,47,8,2016,1,41273.019687140804
1305,2017,107,119,medium,48,9,2016,1,38903.06403641793
1306,2018,107,119,medium,49,10,2016,1,41256.36231473825
1307,2019,107,119,medium,50,11,2016,1,41681.76200671159
1308,2020,107,119,medium,51,12,2016,1,44371.79113166316
1309,2010,134,120,medium,32,9,2018,0,31849.396465759906
1310,2011,134,120,medium,33,10,2018,0,31349.946082509712
1311,2012,134,120,medium,34,11,2018,0,33535.532598400576
1312,2013,134,120,medium,35,12,2018,0,35180.415098034624
1313,2014,134,120,medium,36,13,2018,0,34015.62061270372
1314,2015,134,120,medium,37,14,2018,0,33420.70523968676
1315,2016,134,120,medium,38,15,2018,0,31276.32753529968
1316,2017,134,120,medium,39,16,2018,0,32269.772673849257
1317,2018,134,120,medium,40,17,2018,1,39289.55059129067
1318,2019,134,120,medium,41,18,2018,1,39180.97559568143
1319,2020,134,120,medium,42,19,2018,1,40526.05739402911
1320,2010,134,121,high,26,7,2012,0,31813.299849794214
1321,2011,134,121,high,27,8,2012,0,33259.38550871346
1322,2012,134,121,high,28,9,2012,1,37559.002443881815
1323,2013,134,121,high,29,10,2012,1,39173.003287652406
1324,2014,134,121,high,30,11,2012,1,38828.94882962024
1325,2015,134,121,high,31,12,2012,1,35249.066867292255
1326,2016,134,121,high,32,13,2012,1,37821.32921236249
1327,2017,134,121,high,33,14,2012,1,39911.82488855677
1328,2018,134,121,high,34,15,2012,1,38280.610514317785
1329,2019,134,121,high,35,16,2012,1,42399.85745999241
1330,2020,134,121,high,36,17,2012,1,44761.50166468739
1331,2010,132,122,low,52,3,2014,0,36137.52370339463
1332,2011,132,122,low,53,4,2014,0,33773.11425813958
1333,2012,132,122,low,54,5,2014,0,37681.452273699906
1334,2013,132,122,low,55,6,2014,0,35497.33491440422
1335,2014,132,122,low,56,7,2014,1,40025.82805776392
1336,2015,132,122,low,57,8,2014,1,39973.19467291812
1337,2016,132,122,low,58,9,2014,1,41095.06062702374
1338,2017,132,122,low,59,10,2014,1,41423.64636291754
1339,2018,132,122,low,60,11,2014,1,43040.83244475097
1340,2019,132,122,low,61,12,2014,1,43521.14796209973
1341,2020,132,122,low,62,13,2014,1,43706.09204030683
1342,2010,104,123,low,48,1,2012,0,32973.8763394927
1343,2011,104,123,low,49,2,2012,0,34981.29254957268
1344,2012,104,123,low,50,3,2012,1,39999.10827088265
1345,2013,104,123,low,51,4,2012,1,35630.204063100195
1346,2014,104,123,low,52,5,2012,1,33992.15773019609
1347,2015,104,123,low,53,6,2012,1,41468.639822478544
1348,2016,104,123,low,54,7,2012,1,37366.24260316916
1349,2017,104,123,low,55,8,2012,1,40150.46919621463
1350,2018,104,123,low,56,9,2012,1,38759.77394788128
1351,2019,104,123,low,57,10,2012,1,37996.03912483996
1352,2020,104,123,low,58,11,2012,1,43182.925456409575
1353,2010,140,124,medium,37,8,2017,0,33718.31032060529
1354,2011,140,124,medium,38,9,2017,0,31546.97919854656
1355,2012,140,124,medium,39,10,2017,0,28017.91541571018
1356,2013,140,124,medium,40,11,2017,0,32607.511103495035
1357,2014,140,124,medium,41,12,2017,0,34983.608010805096
1358,2015,140,124,medium,42,13,2017,0,31742.176862451743
1359,2016,140,124,medium,43,14,2017,0,35566.71983955831
1360,2017,140,124,medium,44,15,2017,1,40669.38030165401
1361,2018,140,124,medium,45,16,2017,1,42358.582999202175
1362,2019,140,124,medium,46,17,2017,1,41939.16073682831
1363,2020,140,124,medium,47,18,2017,1,40253.86211823689
1364,2010,127,125,high,27,6,2012,0,34193.14300332898
1365,2011,127,125,high,28,7,2012,0,31982.94085394606
1366,2012,127,125,high,29,8,2012,1,37745.390920980135
1367,2013,127,125,high,30,9,2012,1,36433.464081853606
1368,2014,127,125,high,31,10,2012,1,37913.43549761698
1369,2015,127,125,high,32,11,2012,1,37530.3945719462
1370,2016,127,125,high,33,12,2012,1,39454.107880153155
1371,2017,127,125,high,34,13,2012,1,43723.41696028469
1372,2018,127,125,high,35,14,2012,1,38056.197714137284
1373,2019,127,125,high,36,15,2012,1,38072.87720424652
1374,2020,127,125,high,37,16,2012,1,44742.340654987216
1375,2010,106,126,medium,40,7,2012,0,32481.352645696268
1376,2011,106,126,medium,41,8,2012,0,32061.854522680165
1377,2012,106,126,medium,42,9,2012,1,40979.80937479215
1378,2013,106,126,medium,43,10,2012,1,38188.76892052627
1379,2014,106,126,medium,44,11,2012,1,43552.019427093874
1380,2015,106,126,medium,45,12,2012,1,41755.85174267854
1381,2016,106,126,medium,46,13,2012,1,39924.1771837086
1382,2017,106,126,medium,47,14,2012,1,45714.61642653101
1383,2018,106,126,medium,48,15,2012,1,40688.57015399332
1384,2019,106,126,medium,49,16,2012,1,43884.19074401861
1385,2020,106,126,medium,50,17,2012,1,43498.58516081298
1386,2010,172,127,medium,30,9,2017,0,32903.48257879759
1387,2011,172,127,medium,31,10,2017,0,33923.022393453706
1388,2012,172,127,medium,32,11,2017,0,31364.00829813153
1389,2013,172,127,medium,33,12,2017,0,30293.164259307632
1390,2014,172,127,medium,34,13,2017,0,33219.944285878235
1391,2015,172,127,medium,35,14,2017,0,31444.569260495788
1392,2016,172,127,medium,36,15,2017,0,37326.77449505324
1393,2017,172,127,medium,37,16,2017,1,39073.070662165475
1394,2018,172,127,medium,38,17,2017,1,38569.35689737578
1395,2019,172,127,medium,39,18,2017,1,40169.36061172982
1396,2020,172,127,medium,40,19,2017,1,37605.74742094061
1397,2010,171,128,medium,43,5,2015,0,31456.771922978696
1398,2011,171,128,medium,44,6,2015,0,36300.82781588885
1399,2012,171,128,medium,45,7,2015,0,33086.21144205721
1400,2013,171,128,medium,46,8,2015,0,32806.17803463612
1401,2014,171,128,medium,47,9,2015,0,36473.30550505457
1402,2015,171,128,medium,48,10,2015,1,43271.40830932599
1403,2016,171,128,medium,49,11,2015,1,42837.906621330134
1404,2017,171,128,medium,50,12,2015,1,43892.095371611635
1405,2018,171,128,medium,51,13,2015,1,40886.40982286108
1406,2019,171,128,medium,52,14,2015,1,40056.37866651631
1407,2020,171,128,medium,53,15,2015,1,46402.667303910974
1408,2010,111,129,medium,54,1,2012,0,35254.640322315725
1409,2011,111,129,medium,55,2,2012,0,35898.33396708991
1410,2012,111,129,medium,56,3,2012,1,44556.388283698114
1411,2013,111,129,medium,57,4,2012,1,43512.46001880132
1412,2014,111,129,medium,58,5,2012,1,43811.77554416322
1413,2015,111,129,medium,59,6,2012,1,47730.00468980217
1414,2016,111,129,medium,60,7,2012,1,42612.96353923972
1415,2017,111,129,medium,61,8,2012,1,46255.68025616247
1416,2018,111,129,medium,62,9,2012,1,45014.026249794166
1417,2019,111,129,medium,63,10,2012,1,45937.18455772651
1418,2020,111,129,medium,64,11,2012,1,48956.93685282506
1419,2010,133,130,medium,31,7,2017,0,31215.671512579247
1420,2011,133,130,medium,32,8,2017,0,31776.592158099265
1421,2012,133,130,medium,33,9,2017,0,33345.014674619604
1422,2013,133,130,medium,34,10,2017,0,30970.09454091423
1423,2014,133,130,medium,35,11,2017,0,30521.580665321988
1424,2015,133,130,medium,36,12,2017,0,30610.38161195793
1425,2016,133,130,medium,37,13,2017,0,29267.286821247995
1426,2017,133,130,medium,38,14,2017,1,42812.41425988064
1427,2018,133,130,medium,39,15,2017,1,36993.583268556635
1428,2019,133,130,medium,40,16,2017,1,39257.49275282845
1429,2020,133,130,medium,41,17,2017,1,39646.37340022216
1430,2010,132,131,high,34,5,2016,0,34314.8133956182
1431,2011,132,131,high,35,6,2016,0,35831.474425078595
1432,2012,132,131,high,36,7,2016,0,36420.94697671949
1433,2013,132,131,high,37,8,2016,0,34033.84512286212
1434,2014,132,131,high,38,9,2016,0,35365.75657242718
1435,2015,132,131,high,39,10,2016,0,36765.1599009766
1436,2016,132,131,high,40,11,2016,1,41202.6177476329
1437,2017,132,131,high,41,12,2016,1,45414.69115203999
1438,2018,132,131,high,42,13,2016,1,43681.9499032765
1439,2019,132,131,high,43,14,2016,1,44669.75557209963
1440,2020,132,131,high,44,15,2016,1,45025.76253733483
1441,2010,147,132,medium,33,3,2014,0,32346.94771497065
1442,2011,147,132,medium,34,4,2014,0,30862.043117407415
1443,2012,147,132,medium,35,5,2014,0,28406.336104088306
1444,2013,147,132,medium,36,6,2014,0,32299.375903505283
1445,2014,147,132,medium,37,7,2014,1,35697.286212416344
1446,2015,147,132,medium,38,8,2014,1,36442.766636500484
1447,2016,147,132,medium,39,9,2014,1,39172.728037510184
1448,2017,147,132,medium,40,10,2014,1,40976.56614286727
1449,2018,147,132,medium,41,11,2014,1,39042.54315347212
1450,2019,147,132,medium,42,12,2014,1,40117.66602519793
1451,2020,147,132,medium,43,13,2014,1,43404.429889270476
1452,2010,122,133,medium,26,9,2014,0,29581.506358977138
1453,2011,122,133,medium,27,10,2014,0,34803.36622836079
1454,2012,122,133,medium,28,11,2014,0,31231.01929126309
1455,2013,122,133,medium,29,12,2014,0,27078.474481688365
1456,2014,122,133,medium,30,13,2014,1,37606.68324220907
1457,2015,122,133,medium,31,14,2014,1,37362.31676976556
1458,2016,122,133,medium,32,15,2014,1,39679.505508165494
1459,2017,122,133,medium,33,16,2014,1,38946.36270253992
1460,2018,122,133,medium,34,17,2014,1,37823.08803203245
1461,2019,122,133,medium,35,18,2014,1,36151.403527421266
1462,2020,122,133,medium,36,19,2014,1,38681.95348542795
1463,2010,161,134,medium,52,1,2012,0,33598.9590915814
1464,2011,161,134,medium,53,2,2012,0,34638.95310039056
1465,2012,161,134,medium,54,3,2012,1,42477.15680884122
1466,2013,161,134,medium,55,4,2012,1,45139.80900870281
1467,2014,161,134,medium,56,5,2012,1,43089.343059645966
1468,2015,161,134,medium,57,6,2012,1,40408.23387592963
1469,2016,161,134,medium,58,7,2012,1,44189.20533644028
1470,2017,161,134,medium,59,8,2012,1,46193.262973291305
1471,2018,161,134,medium,60,9,2012,1,43080.43419136124
1472,2019,161,134,medium,61,10,2012,1,44531.96566665416
1473,2020,161,134,medium,62,11,2012,1,45329.3763894584
1474,2010,187,135,medium,52,1,2015,0,33730.20337383552
1475,2011,187,135,medium,53,2,2015,0,37096.56086768772
1476,2012,187,135,medium,54,3,2015,0,36058.103702784436
1477,2013,187,135,medium,55,4,2015,0,37639.06488781406
1478,2014,187,135,medium,56,5,2015,0,35525.0156443958
1479,2015,187,135,medium,57,6,2015,1,41925.08339935318
1480,2016,187,135,medium,58,7,2015,1,44744.76271565554
1481,2017,187,135,medium,59,8,2015,1,43054.333695816465
1482,2018,187,135,medium,60,9,2015,1,47753.92770246681
1483,2019,187,135,medium,61,10,2015,1,44000.727628770794
1484,2020,187,135,medium,62,11,2015,1,45749.36945150377
1485,2010,136,136,medium,39,1,2015,0,33265.18166374618
1486,2011,136,136,medium,40,2,2015,0,29063.26853413394
1487,2012,136,136,medium,41,3,2015,0,28878.382376038448
1488,2013,136,136,medium,42,4,2015,0,29848.68737085981
1489,2014,136,136,medium,43,5,2015,0,35925.16820685437
1490,2015,136,136,medium,44,6,2015,1,37796.28370821511
1491,2016,136,136,medium,45,7,2015,1,44516.398571336504
1492,2017,136,136,medium,46,8,2015,1,38771.504802685224
1493,2018,136,136,medium,47,9,2015,1,40769.10260639407
1494,2019,136,136,medium,48,10,2015,1,43984.21990513575
1495,2020,136,136,medium,49,11,2015,1,45412.18577631825
1496,2010,198,137,medium,54,3,2016,0,40423.007153272796
1497,2011,198,137,medium,55,4,2016,0,39216.732461186286
1498,2012,198,137,medium,56,5,2016,0,39348.12505162293
1499,2013,198,137,medium,57,6,2016,0,38985.053898402366
1500,2014,198,137,medium,58,7,2016,0,39856.72215233328
1501,2015,198,137,medium,59,8,2016,0,37697.62856734293
1502,2016,198,137,medium,60,9,2016,1,42663.60223315538
1503,2017,198,137,medium,61,10,2016,1,44793.2510851781
1504,2018,198,137,medium,62,11,2016,1,44959.63075495014
1505,2019,198,137,medium,63,12,2016,1,44893.54390134545
1506,2020,198,137,medium,64,13,2016,1,47692.77489491343
1507,2010,143,138,medium,29,6,2012,0,31310.610417141022
1508,2011,143,138,medium,30,7,2012,0,30076.813772583693
1509,2012,143,138,medium,31,8,2012,1,38355.06016211052
1510,2013,143,138,medium,32,9,2012,1,33616.62177173299
1511,2014,143,138,medium,33,10,2012,1,36012.68108144056
1512,2015,143,138,medium,34,11,2012,1,35466.35535879439
1513,2016,143,138,medium,35,12,2012,1,33666.92676585388
1514,2017,143,138,medium,36,13,2012,1,37734.6386283146
1515,2018,143,138,medium,37,14,2012,1,38156.50498323343
1516,2019,143,138,medium,38,15,2012,1,41926.89948648426
1517,2020,143,138,medium,39,16,2012,1,40661.623369109555
1518,2010,185,139,low,53,3,2014,0,31951.62635134159
1519,2011,185,139,low,54,4,2014,0,38208.185132668375
1520,2012,185,139,low,55,5,2014,0,37442.0673910507
1521,2013,185,139,low,56,6,2014,0,36664.19540693723
1522,2014,185,139,low,57,7,2014,1,40547.031802300335
1523,2015,185,139,low,58,8,2014,1,39581.12152655304
1524,2016,185,139,low,59,9,2014,1,41255.586447857895
1525,2017,185,139,low,60,10,2014,1,44677.497239408374
1526,2018,185,139,low,61,11,2014,1,46769.17261186922
1527,2019,185,139,low,62,12,2014,1,46586.48705654438
1528,2020,185,139,low,63,13,2014,1,43022.30115642745
1529,2010,190,140,low,46,8,2015,0,30660.765133421977
1530,2011,190,140,low,47,9,2015,0,33681.772493822406
1531,2012,190,140,low,48,10,2015,0,30363.121268874296
1532,2013,190,140,low,49,11,2015,0,35046.335428369566
1533,2014,190,140,low,50,12,2015,0,34604.794827402664
1534,2015,190,140,low,51,13,2015,1,39467.926996263515
1535,2016,190,140,low,52,14,2015,1,37710.593865466406
1536,2017,190,140,low,53,15,2015,1,42427.20021313943
1537,2018,190,140,low,54,16,2015,1,40834.598320676174
1538,2019,190,140,low,55,17,2015,1,40060.16632857942
1539,2020,190,140,low,56,18,2015,1,37155.4755734367
1540,2010,134,141,medium,28,2,2012,0,28244.970189898726
1541,2011,134,141,medium,29,3,2012,0,32344.50319333949
1542,2012,134,141,medium,30,4,2012,1,37622.51842909574
1543,2013,134,141,medium,31,5,2012,1,33885.807486827456
1544,2014,134,141,medium,32,6,2012,1,34095.57587927644
1545,2015,134,141,medium,33,7,2012,1,36737.548512150046
1546,2016,134,141,medium,34,8,2012,1,34303.229121623415
1547,2017,134,141,medium,35,9,2012,1,37403.58379963893
1548,2018,134,141,medium,36,10,2012,1,38832.16055676938
1549,2019,134,141,medium,37,11,2012,1,40253.86644776862
1550,2020,134,141,medium,38,12,2012,1,38099.69184704009
1551,2010,164,142,medium,44,9,2018,0,34092.652499646065
1552,2011,164,142,medium,45,10,2018,0,33244.03482648688
1553,2012,164,142,medium,46,11,2018,0,33846.23929192028
1554,2013,164,142,medium,47,12,2018,0,35547.04221619695
1555,2014,164,142,medium,48,13,2018,0,37234.73101363236
1556,2015,164,142,medium,49,14,2018,0,38827.1692524665
1557,2016,164,142,medium,50,15,2018,0,35893.64209863931
1558,2017,164,142,medium,51,16,2018,0,40985.377137919044
1559,2018,164,142,medium,52,17,2018,1,42957.752797914865
1560,2019,164,142,medium,53,18,2018,1,43957.26541130313
1561,2020,164,142,medium,54,19,2018,1,43005.576641704356
1562,2010,198,143,medium,28,3,2015,0,23651.519479454117
1563,2011,198,143,medium,29,4,2015,0,30768.090792722098
1564,2012,198,143,medium,30,5,2015,0,30973.687794184865
1565,2013,198,143,medium,31,6,2015,0,29437.344885763574
1566,2014,198,143,medium,32,7,2015,0,30633.981434449743
1567,2015,198,143,medium,33,8,2015,1,37031.8784354082
1568,2016,198,143,medium,34,9,2015,1,33374.90828622691
1569,2017,198,143,medium,35,10,2015,1,35941.89464530741
1570,2018,198,143,medium,36,11,2015,1,39088.52935924366
1571,2019,198,143,medium,37,12,2015,1,35491.421153661504
1572,2020,198,143,medium,38,13,2015,1,39087.11586433326
1573,2010,146,144,medium,42,5,2017,0,30386.83639075319
1574,2011,146,144,medium,43,6,2017,0,34532.85996486705
1575,2012,146,144,medium,44,7,2017,0,34028.71703540503
1576,2013,146,144,medium,45,8,2017,0,31369.73636818898
1577,2014,146,144,medium,46,9,2017,0,37429.47870891434
1578,2015,146,144,medium,47,10,2017,0,34130.816846403904
1579,2016,146,144,medium,48,11,2017,0,34479.49512597124
1580,2017,146,144,medium,49,12,2017,1,42001.13839446189
1581,2018,146,144,medium,50,13,2017,1,44397.27469885743
1582,2019,146,144,medium,51,14,2017,1,40568.3563620432
1583,2020,146,144,medium,52,15,2017,1,43223.359699695946
1584,2010,177,145,medium,28,8,2018,0,30357.633000661146
1585,2011,177,145,medium,29,9,2018,0,31386.211214526287
1586,2012,177,145,medium,30,10,2018,0,30852.88311055445
1587,2013,177,145,medium,31,11,2018,0,30265.944321833354
1588,2014,177,145,medium,32,12,2018,0,29844.819558702562
1589,2015,177,145,medium,33,13,2018,0,32172.287766092748
1590,2016,177,145,medium,34,14,2018,0,30355.721976028784
1591,2017,177,145,medium,35,15,2018,0,27157.299033010786
1592,2018,177,145,medium,36,16,2018,1,39373.11960831533
1593,2019,177,145,medium,37,17,2018,1,40807.86968217239
1594,2020,177,145,medium,38,18,2018,1,34774.13512891632
1595,2010,102,146,low,51,2,2015,0,31180.538590580123
1596,2011,102,146,low,52,3,2015,0,34938.3085220104
1597,2012,102,146,low,53,4,2015,0,38314.9909394234
1598,2013,102,146,low,54,5,2015,0,34741.58741535082
1599,2014,102,146,low,55,6,2015,0,33743.99411754173
1600,2015,102,146,low,56,7,2015,1,40334.20711779032
1601,2016,102,146,low,57,8,2015,1,43949.75283829637
1602,2017,102,146,low,58,9,2015,1,40408.07164175093
1603,2018,102,146,low,59,10,2015,1,40601.61598669949
1604,2019,102,146,low,60,11,2015,1,41734.51295563593
1605,2020,102,146,low,61,12,2015,1,41293.34278348258
1606,2010,100,147,high,41,6,2014,0,36245.34063198959
1607,2011,100,147,high,42,7,2014,0,39749.35691693912
1608,2012,100,147,high,43,8,2014,0,37646.15854623206
1609,2013,100,147,high,44,9,2014,0,36995.292995747426
1610,2014,100,147,high,45,10,2014,1,42416.377462168915
1611,2015,100,147,high,46,11,2014,1,40373.618382606684
1612,2016,100,147,high,47,12,2014,1,45766.219554294315
1613,2017,100,147,high,48,13,2014,1,44344.325605974394
1614,2018,100,147,high,49,14,2014,1,44639.04017281875
1615,2019,100,147,high,50,15,2014,1,51886.21513568972
1616,2020,100,147,high,51,16,2014,1,46597.50581673137
1617,2010,104,148,medium,36,5,2013,0,29796.417899809632
1618,2011,104,148,medium,37,6,2013,0,30947.284807588912
1619,2012,104,148,medium,38,7,2013,0,34596.89141839351
1620,2013,104,148,medium,39,8,2013,1,38026.54082107553
1621,2014,104,148,medium,40,9,2013,1,35423.44404336526
1622,2015,104,148,medium,41,10,2013,1,40638.45786915041
1623,2016,104,148,medium,42,11,2013,1,37963.71182892201
1624,2017,104,148,medium,43,12,2013,1,43546.595552435094
1625,2018,104,148,medium,44,13,2013,1,42460.096131429294
1626,2019,104,148,medium,45,14,2013,1,39905.3562086825
1627,2020,104,148,medium,46,15,2013,1,43862.03272347023
1628,2010,189,149,medium,46,9,2018,0,35235.711021054805
1629,2011,189,149,medium,47,10,2018,0,37305.54735024444
1630,2012,189,149,medium,48,11,2018,0,37069.46563458895
1631,2013,189,149,medium,49,12,2018,0,34907.286690018256
1632,2014,189,149,medium,50,13,2018,0,35812.90033536508
1633,2015,189,149,medium,51,14,2018,0,39659.921635162325
1634,2016,189,149,medium,52,15,2018,0,37430.44933578692
1635,2017,189,149,medium,53,16,2018,0,37792.70307351601
1636,2018,189,149,medium,54,17,2018,1,42189.75484130129
1637,2019,189,149,medium,55,18,2018,1,45447.198131186924
1638,2020,189,149,medium,56,19,2018,1,49225.04983848629
1639,2010,113,150,medium,41,5,2016,0,30664.934171491455
1640,2011,113,150,medium,42,6,2016,0,33348.43891334552
1641,2012,113,150,medium,43,7,2016,0,36624.441110830856
1642,2013,113,150,medium,44,8,2016,0,34140.71721750857
1643,2014,113,150,medium,45,9,2016,0,35704.743592499464
1644,2015,113,150,medium,46,10,2016,0,33175.21294370624
1645,2016,113,150,medium,47,11,2016,1,41656.6141944153
1646,2017,113,150,medium,48,12,2016,1,40925.7114699909
1647,2018,113,150,medium,49,13,2016,1,43771.45999135973
1648,2019,113,150,medium,50,14,2016,1,44674.7721031295
1649,2020,113,150,medium,51,15,2016,1,47979.127284037226
1650,2010,126,151,high,34,2,2016,0,34259.26634642715
1651,2011,126,151,high,35,3,2016,0,34251.592633164335
1652,2012,126,151,high,36,4,2016,0,34488.76860315467
1653,2013,126,151,high,37,5,2016,0,33893.66741437862
1654,2014,126,151,high,38,6,2016,0,35776.96768692338
1655,2015,126,151,high,39,7,2016,0,35009.19717972194
1656,2016,126,151,high,40,8,2016,1,41436.921952539225
1657,2017,126,151,high,41,9,2016,1,44235.195071215916
1658,2018,126,151,high,42,10,2016,1,40086.91486944072
1659,2019,126,151,high,43,11,2016,1,44879.75712225809
1660,2020,126,151,high,44,12,2016,1,45734.23013467973
1661,2010,108,152,medium,46,5,2014,0,34063.86294601784
1662,2011,108,152,medium,47,6,2014,0,30556.29020198281
1663,2012,108,152,medium,48,7,2014,0,34084.35602581113
1664,2013,108,152,medium,49,8,2014,0,38393.98909312222
1665,2014,108,152,medium,50,9,2014,1,41254.263875402234
1666,2015,108,152,medium,51,10,2014,1,39801.39553541018
1667,2016,108,152,medium,52,11,2014,1,41290.450157543564
1668,2017,108,152,medium,53,12,2014,1,44481.2400530091
1669,2018,108,152,medium,54,13,2014,1,44393.46713640276
1670,2019,108,152,medium,55,14,2014,1,43322.13580166061
1671,2020,108,152,medium,56,15,2014,1,43566.35117637063
1672,2010,178,153,medium,25,4,2015,0,27016.483701912355
1673,2011,178,153,medium,26,5,2015,0,26455.179631002997
1674,2012,178,153,medium,27,6,2015,0,32030.751378938883
1675,2013,178,153,medium,28,7,2015,0,28655.35906157732
1676,2014,178,153,medium,29,8,2015,0,32234.317041650993
1677,2015,178,153,medium,30,9,2015,1,38342.6321038449
1678,2016,178,153,medium,31,10,2015,1,37796.62179629592
1679,2017,178,153,medium,32,11,2015,1,35436.7593745639
1680,2018,178,153,medium,33,12,2015,1,37607.46018067322
1681,2019,178,153,medium,34,13,2015,1,37251.60878721817
1682,2020,178,153,medium,35,14,2015,1,35992.59627853974
1683,2010,114,154,medium,46,7,2012,0,35348.7185634432
1684,2011,114,154,medium,47,8,2012,0,32841.9204176804
1685,2012,114,154,medium,48,9,2012,1,43075.35877692313
1686,2013,114,154,medium,49,10,2012,1,40270.76540540322
1687,2014,114,154,medium,50,11,2012,1,42102.319311745676
1688,2015,114,154,medium,51,12,2012,1,42766.57574309228
1689,2016,114,154,medium,52,13,2012,1,42182.190052591846
1690,2017,114,154,medium,53,14,2012,1,44373.38760295055
1691,2018,114,154,medium,54,15,2012,1,42750.19268675495
1692,2019,114,154,medium,55,16,2012,1,45942.59459491449
1693,2020,114,154,medium,56,17,2012,1,42008.0406395065
1694,2010,189,155,low,50,6,2015,0,33952.75915909282
1695,2011,189,155,low,51,7,2015,0,38077.85799811657
1696,2012,189,155,low,52,8,2015,0,32699.33735078885
1697,2013,189,155,low,53,9,2015,0,33844.5100589503
1698,2014,189,155,low,54,10,2015,0,36727.81569931783
1699,2015,189,155,low,55,11,2015,1,41559.1635638792
1700,2016,189,155,low,56,12,2015,1,42401.26019854712
1701,2017,189,155,low,57,13,2015,1,43178.37426029533
1702,2018,189,155,low,58,14,2015,1,43969.44293712354
1703,2019,189,155,low,59,15,2015,1,45419.399683912445
1704,2020,189,155,low,60,16,2015,1,44519.63731385703
1705,2010,141,156,low,48,2,2014,0,31817.484690762914
1706,2011,141,156,low,49,3,2014,0,34145.14740240546
1707,2012,141,156,low,50,4,2014,0,37099.76386979043
1708,2013,141,156,low,51,5,2014,0,33534.732507234854
1709,2014,141,156,low,52,6,2014,1,37350.941390658714
1710,2015,141,156,low,53,7,2014,1,42014.16133857395
1711,2016,141,156,low,54,8,2014,1,40059.2376720928
1712,2017,141,156,low,55,9,2014,1,36454.66090797193
1713,2018,141,156,low,56,10,2014,1,42994.84335430084
1714,2019,141,156,low,57,11,2014,1,40729.34362809215
1715,2020,141,156,low,58,12,2014,1,42118.93343539168
1716,2010,176,157,medium,51,5,2016,0,36463.96066113803
1717,2011,176,157,medium,52,6,2016,0,36680.99935955813
1718,2012,176,157,medium,53,7,2016,0,38218.90363427808
1719,2013,176,157,medium,54,8,2016,0,36429.02725886031
1720,2014,176,157,medium,55,9,2016,0,38826.211596352165
1721,2015,176,157,medium,56,10,2016,0,37780.90664483217
1722,2016,176,157,medium,57,11,2016,1,45277.62096177501
1723,2017,176,157,medium,58,12,2016,1,45530.73496802611
1724,2018,176,157,medium,59,13,2016,1,42929.12259591081
1725,2019,176,157,medium,60,14,2016,1,47471.96423235007
1726,2020,176,157,medium,61,15,2016,1,44728.0731097719
1727,2010,150,158,medium,42,7,2015,0,35116.11559656229
1728,2011,150,158,medium,43,8,2015,0,34734.57462680268
1729,2012,150,158,medium,44,9,2015,0,38176.36735359024
1730,2013,150,158,medium,45,10,2015,0,34553.06803525629
1731,2014,150,158,medium,46,11,2015,0,34801.366407763606
1732,2015,150,158,medium,47,12,2015,1,40961.16078822454
1733,2016,150,158,medium,48,13,2015,1,40893.64043433145
1734,2017,150,158,medium,49,14,2015,1,43599.8838038841
1735,2018,150,158,medium,50,15,2015,1,39267.37878312683
1736,2019,150,158,medium,51,16,2015,1,40892.635161707294
1737,2020,150,158,medium,52,17,2015,1,41364.39415684161
1738,2010,162,159,medium,42,7,2016,0,35400.61518394715
1739,2011,162,159,medium,43,8,2016,0,37421.22674516385
1740,2012,162,159,medium,44,9,2016,0,34291.101562925054
1741,2013,162,159,medium,45,10,2016,0,34662.35655361998
1742,2014,162,159,medium,46,11,2016,0,35640.10432622636
1743,2015,162,159,medium,47,12,2016,0,38323.75660521638
1744,2016,162,159,medium,48,13,2016,1,39645.293731618855
1745,2017,162,159,medium,49,14,2016,1,42476.73796546957
1746,2018,162,159,medium,50,15,2016,1,44450.39525956486
1747,2019,162,159,medium,51,16,2016,1,44002.18833987969
1748,2020,162,159,medium,52,17,2016,1,43879.16323319748
1749,2010,195,160,low,38,5,2018,0,31902.092185134283
1750,2011,195,160,low,39,6,2018,0,24993.535414001526
1751,2012,195,160,low,40,7,2018,0,32255.750639061815
1752,2013,195,160,low,41,8,2018,0,30091.848633745154
1753,2014,195,160,low,42,9,2018,0,28238.734206287085
1754,2015,195,160,low,43,10,2018,0,33422.405199049965
1755,2016,195,160,low,44,11,2018,0,35647.317090325916
1756,2017,195,160,low,45,12,2018,0,33125.102970744614
1757,2018,195,160,low,46,13,2018,1,40805.74909440588
1758,2019,195,160,low,47,14,2018,1,42624.55651597729
1759,2020,195,160,low,48,15,2018,1,42529.82890716809
1760,2010,151,161,medium,39,9,2012,0,36279.92905874278
1761,2011,151,161,medium,40,10,2012,0,34984.254982143786
1762,2012,151,161,medium,41,11,2012,1,39150.86727780318
1763,2013,151,161,medium,42,12,2012,1,36296.068376205665
1764,2014,151,161,medium,43,13,2012,1,39507.875023740104
1765,2015,151,161,medium,44,14,2012,1,38813.50680936762
1766,2016,151,161,medium,45,15,2012,1,45341.885434995624
1767,2017,151,161,medium,46,16,2012,1,41148.228375135324
1768,2018,151,161,medium,47,17,2012,1,42246.40961356897
1769,2019,151,161,medium,48,18,2012,1,43602.97075208093
1770,2020,151,161,medium,49,19,2012,1,43087.20489274491
1771,2010,195,162,medium,53,4,2018,0,39590.10208086151
1772,2011,195,162,medium,54,5,2018,0,35454.701276531094
1773,2012,195,162,medium,55,6,2018,0,37589.21491047448
1774,2013,195,162,medium,56,7,2018,0,36215.058828603906
1775,2014,195,162,medium,57,8,2018,0,35559.95497755859
1776,2015,195,162,medium,58,9,2018,0,37476.461818189426
1777,2016,195,162,medium,59,10,2018,0,39125.92640590318
1778,2017,195,162,medium,60,11,2018,0,38841.39555096548
1779,2018,195,162,medium,61,12,2018,1,43815.15804025229
1780,2019,195,162,medium,62,13,2018,1,42887.365072656336
1781,2020,195,162,medium,63,14,2018,1,46033.78885474261
1782,2010,103,163,medium,36,3,2016,0,27890.559251937997
1783,2011,103,163,medium,37,4,2016,0,32920.11192737921
1784,2012,103,163,medium,38,5,2016,0,32064.879505869005
1785,2013,103,163,medium,39,6,2016,0,29484.897001070138
1786,2014,103,163,medium,40,7,2016,0,32281.581845900273
1787,2015,103,163,medium,41,8,2016,0,31895.687188818833
1788,2016,103,163,medium,42,9,2016,1,39538.34902083836
1789,2017,103,163,medium,43,10,2016,1,42080.90089204629
1790,2018,103,163,medium,44,11,2016,1,36149.65506070851
1791,2019,103,163,medium,45,12,2016,1,40630.052158294835
1792,2020,103,163,medium,46,13,2016,1,40579.734408866716
1793,2010,193,164,medium,28,4,2016,0,30042.68015290093
1794,2011,193,164,medium,29,5,2016,0,29626.393256475378
1795,2012,193,164,medium,30,6,2016,0,28196.06133652236
1796,2013,193,164,medium,31,7,2016,0,29561.892128666765
1797,2014,193,164,medium,32,8,2016,0,29107.94828639302
1798,2015,193,164,medium,33,9,2016,0,33352.014277197195
1799,2016,193,164,medium,34,10,2016,1,36742.62329734388
1800,2017,193,164,medium,35,11,2016,1,41002.38137150602
1801,2018,193,164,medium,36,12,2016,1,37578.678372370756
1802,2019,193,164,medium,37,13,2016,1,36783.186466179075
1803,2020,193,164,medium,38,14,2016,1,35672.57121477435
1804,2010,122,165,medium,51,5,2013,0,32193.72064748811
1805,2011,122,165,medium,52,6,2013,0,33131.72811398902
1806,2012,122,165,medium,53,7,2013,0,37334.25330202297
1807,2013,122,165,medium,54,8,2013,1,43317.45004645987
1808,2014,122,165,medium,55,9,2013,1,39637.61859593573
1809,2015,122,165,medium,56,10,2013,1,45090.07662815223
1810,2016,122,165,medium,57,11,2013,1,42833.87789663312
1811,2017,122,165,medium,58,12,2013,1,44593.5860239711
1812,2018,122,165,medium,59,13,2013,1,48024.44125651085
1813,2019,122,165,medium,60,14,2013,1,47093.67863173106
1814,2020,122,165,medium,61,15,2013,1,45262.93870418834
1815,2010,114,166,medium,27,6,2013,0,27017.615549169426
1816,2011,114,166,medium,28,7,2013,0,24996.369197341388
1817,2012,114,166,medium,29,8,2013,0,28361.69336151516
1818,2013,114,166,medium,30,9,2013,1,34877.739522344615
1819,2014,114,166,medium,31,10,2013,1,33825.64094569763
1820,2015,114,166,medium,32,11,2013,1,36037.48606581539
1821,2016,114,166,medium,33,12,2013,1,36953.70376591753
1822,2017,114,166,medium,34,13,2013,1,36850.28803638384
1823,2018,114,166,medium,35,14,2013,1,36499.99483835308
1824,2019,114,166,medium,36,15,2013,1,38637.309343933455
1825,2020,114,166,medium,37,16,2013,1,39683.88129913882
1826,2010,142,167,medium,44,3,2018,0,31119.20184511431
1827,2011,142,167,medium,45,4,2018,0,36621.86475949254
1828,2012,142,167,medium,46,5,2018,0,34102.82373543148
1829,2013,142,167,medium,47,6,2018,0,34837.69924588969
1830,2014,142,167,medium,48,7,2018,0,36716.42884651312
1831,2015,142,167,medium,49,8,2018,0,36266.432262527
1832,2016,142,167,medium,50,9,2018,0,38206.27326782649
1833,2017,142,167,medium,51,10,2018,0,37374.24833040365
1834,2018,142,167,medium,52,11,2018,1,41075.125250719124
1835,2019,142,167,medium,53,12,2018,1,43523.007050412205
1836,2020,142,167,medium,54,13,2018,1,41012.547585358676
1837,2010,128,168,medium,53,2,2017,0,36017.119411553045
1838,2011,128,168,medium,54,3,2017,0,36233.54001871108
1839,2012,128,168,medium,55,4,2017,0,36383.76628545492
1840,2013,128,168,medium,56,5,2017,0,37042.92497712214
1841,2014,128,168,medium,57,6,2017,0,34036.301909004724
1842,2015,128,168,medium,58,7,2017,0,37202.55018451808
1843,2016,128,168,medium,59,8,2017,0,38985.68980228223
1844,2017,128,168,medium,60,9,2017,1,44619.7127839948
1845,2018,128,168,medium,61,10,2017,1,42744.64971814808
1846,2019,128,168,medium,62,11,2017,1,47831.4156817294
1847,2020,128,168,medium,63,12,2017,1,44067.650303571
1848,2010,135,169,medium,36,4,2018,0,33038.91440105347
1849,2011,135,169,medium,37,5,2018,0,32454.38872374337
1850,2012,135,169,medium,38,6,2018,0,30807.545380312393
1851,2013,135,169,medium,39,7,2018,0,36150.621785219024
1852,2014,135,169,medium,40,8,2018,0,30712.72633648704
1853,2015,135,169,medium,41,9,2018,0,35438.30834722
1854,2016,135,169,medium,42,10,2018,0,36101.16463608596
1855,2017,135,169,medium,43,11,2018,0,33258.75958184671
1856,2018,135,169,medium,44,12,2018,1,42884.93060012866
1857,2019,135,169,medium,45,13,2018,1,40099.9069708021
1858,2020,135,169,medium,46,14,2018,1,41677.38725855971
1859,2010,112,170,low,31,5,2013,0,28320.64367754244
1860,2011,112,170,low,32,6,2013,0,28031.382517058904
1861,2012,112,170,low,33,7,2013,0,30421.616546319565
1862,2013,112,170,low,34,8,2013,1,35886.97744110443
1863,2014,112,170,low,35,9,2013,1,31302.936053523637
1864,2015,112,170,low,36,10,2013,1,37908.680485756304
1865,2016,112,170,low,37,11,2013,1,32475.016023928652
1866,2017,112,170,low,38,12,2013,1,38365.09240868331
1867,2018,112,170,low,39,13,2013,1,39053.410273655165
1868,2019,112,170,low,40,14,2013,1,35118.067139569604
1869,2020,112,170,low,41,15,2013,1,36978.37142409083
1870,2010,131,171,medium,53,4,2016,0,33988.59066302813
1871,2011,131,171,medium,54,5,2016,0,36270.15793942253
1872,2012,131,171,medium,55,6,2016,0,36583.931431628516
1873,2013,131,171,medium,56,7,2016,0,39259.32106453868
1874,2014,131,171,medium,57,8,2016,0,40820.61749223922
1875,2015,131,171,medium,58,9,2016,0,41491.36762157991
1876,2016,131,171,medium,59,10,2016,1,43075.66394684339
1877,2017,131,171,medium,60,11,2016,1,44281.55625251094
1878,2018,131,171,medium,61,12,2016,1,41833.1236155581
1879,2019,131,171,medium,62,13,2016,1,44088.259867007626
1880,2020,131,171,medium,63,14,2016,1,48129.70326619491
1881,2010,170,172,medium,35,3,2014,0,33831.165647096466
1882,2011,170,172,medium,36,4,2014,0,28631.302256240157
1883,2012,170,172,medium,37,5,2014,0,30415.071481694213
1884,2013,170,172,medium,38,6,2014,0,32047.188486082145
1885,2014,170,172,medium,39,7,2014,1,38160.32231763921
1886,2015,170,172,medium,40,8,2014,1,36480.79296015671
1887,2016,170,172,medium,41,9,2014,1,39448.12208892818
1888,2017,170,172,medium,42,10,2014,1,38152.32130585817
1889,2018,170,172,medium,43,11,2014,1,39571.09545824344
1890,2019,170,172,medium,44,12,2014,1,41192.5684960074
1891,2020,170,172,medium,45,13,2014,1,40612.844539621874
1892,2010,158,173,medium,25,8,2018,0,27727.228218946864
1893,2011,158,173,medium,26,9,2018,0,28880.78039214834
1894,2012,158,173,medium,27,10,2018,0,29423.27408158933
1895,2013,158,173,medium,28,11,2018,0,29359.977940235745
1896,2014,158,173,medium,29,12,2018,0,30082.407874665794
1897,2015,158,173,medium,30,13,2018,0,34297.29434100943
1898,2016,158,173,medium,31,14,2018,0,32721.838895882476
1899,2017,158,173,medium,32,15,2018,0,31509.03936394168
1900,2018,158,173,medium,33,16,2018,1,38993.90880902147
1901,2019,158,173,medium,34,17,2018,1,37432.36102048798
1902,2020,158,173,medium,35,18,2018,1,40946.24927517328
1903,2010,185,174,medium,30,4,2016,0,30039.28438439619
1904,2011,185,174,medium,31,5,2016,0,29585.395711991543
1905,2012,185,174,medium,32,6,2016,0,31195.433851620553
1906,2013,185,174,medium,33,7,2016,0,27658.247695863
1907,2014,185,174,medium,34,8,2016,0,29046.46506218039
1908,2015,185,174,medium,35,9,2016,0,29412.14998720189
1909,2016,185,174,medium,36,10,2016,1,37585.88618952742
1910,2017,185,174,medium,37,11,2016,1,41265.02999897018
1911,2018,185,174,medium,38,12,2016,1,42762.600292385265
1912,2019,185,174,medium,39,13,2016,1,40076.10220288151
1913,2020,185,174,medium,40,14,2016,1,40301.688949888914
1914,2010,127,175,high,39,2,2014,0,30997.884531694523
1915,2011,127,175,high,40,3,2014,0,34014.65240053196
1916,2012,127,175,high,41,4,2014,0,34024.43249618352
1917,2013,127,175,high,42,5,2014,0,34858.30480349777
1918,2014,127,175,high,43,6,2014,1,41263.71236283042
1919,2015,127,175,high,44,7,2014,1,41155.81884460575
1920,2016,127,175,high,45,8,2014,1,38641.40037924842
1921,2017,127,175,high,46,9,2014,1,44595.82051223507
1922,2018,127,175,high,47,10,2014,1,41454.51394852038
1923,2019,127,175,high,48,11,2014,1,44578.493728222296
1924,2020,127,175,high,49,12,2014,1,48748.165339499945
1925,2010,165,176,high,39,2,2014,0,32761.230816827152
1926,2011,165,176,high,40,3,2014,0,30039.42495450734
1927,2012,165,176,high,41,4,2014,0,35027.99155623978
1928,2013,165,176,high,42,5,2014,0,38301.91926999714
1929,2014,165,176,high,43,6,2014,1,45516.69490844119
1930,2015,165,176,high,44,7,2014,1,39640.90081109517
1931,2016,165,176,high,45,8,2014,1,43593.398446473046
1932,2017,165,176,high,46,9,2014,1,42169.37908643989
1933,2018,165,176,high,47,10,2014,1,43388.10329139173
1934,2019,165,176,high,48,11,2014,1,49388.68669403407
1935,2020,165,176,high,49,12,2014,1,41594.059343209694
1936,2010,141,177,medium,43,1,2013,0,33107.479322989144
1937,2011,141,177,medium,44,2,2013,0,34035.38634353087
1938,2012,141,177,medium,45,3,2013,0,35771.5726498787
1939,2013,141,177,medium,46,4,2013,1,39295.96630694179
1940,2014,141,177,medium,47,5,2013,1,40216.10107900821
1941,2015,141,177,medium,48,6,2013,1,39316.70286515642
1942,2016,141,177,medium,49,7,2013,1,41138.253882490215
1943,2017,141,177,medium,50,8,2013,1,40413.61544900518
1944,2018,141,177,medium,51,9,2013,1,42843.1437797121
1945,2019,141,177,medium,52,10,2013,1,41360.77932791273
1946,2020,141,177,medium,53,11,2013,1,43354.20078780437
1947,2010,144,178,low,35,4,2018,0,28741.474372630044
1948,2011,144,178,low,36,5,2018,0,31552.100501544337
1949,2012,144,178,low,37,6,2018,0,29697.212552823028
1950,2013,144,178,low,38,7,2018,0,26753.935063586236
1951,2014,144,178,low,39,8,2018,0,33323.84300142798
1952,2015,144,178,low,40,9,2018,0,29488.535398274762
1953,2016,144,178,low,41,10,2018,0,30492.46732270236
1954,2017,144,178,low,42,11,2018,0,31108.677411913017
1955,2018,144,178,low,43,12,2018,1,40548.87618634164
1956,2019,144,178,low,44,13,2018,1,34028.65157204261
1957,2020,144,178,low,45,14,2018,1,45075.497067319986
1958,2010,161,179,medium,50,9,2015,0,38412.113618132105
1959,2011,161,179,medium,51,10,2015,0,37246.47782825832
1960,2012,161,179,medium,52,11,2015,0,37190.21199876743
1961,2013,161,179,medium,53,12,2015,0,38371.10814971531
1962,2014,161,179,medium,54,13,2015,0,39342.244856758676
1963,2015,161,179,medium,55,14,2015,1,45090.43117190011
1964,2016,161,179,medium,56,15,2015,1,45411.2089320069
1965,2017,161,179,medium,57,16,2015,1,44979.161362510495
1966,2018,161,179,medium,58,17,2015,1,44905.32315938535
1967,2019,161,179,medium,59,18,2015,1,45497.45343269298
1968,2020,161,179,medium,60,19,2015,1,45910.18343929464
1969,2010,156,180,low,47,7,2012,0,35267.54019373413
1970,2011,156,180,low,48,8,2012,0,34687.11344456172
1971,2012,156,180,low,49,9,2012,1,33119.22273067144
1972,2013,156,180,low,50,10,2012,1,40811.80155305952
1973,2014,156,180,low,51,11,2012,1,40389.47238943755
1974,2015,156,180,low,52,12,2012,1,40462.58248710821
1975,2016,156,180,low,53,13,2012,1,40222.963093822225
1976,2017,156,180,low,54,14,2012,1,43748.225439972026
1977,2018,156,180,low,55,15,2012,1,43895.05292424571
1978,2019,156,180,low,56,16,2012,1,40954.24466435278
1979,2020,156,180,low,57,17,2012,1,43814.10457424907
1980,2010,105,181,medium,50,7,2013,0,33956.686530917425
1981,2011,105,181,medium,51,8,2013,0,33640.76367042214
1982,2012,105,181,medium,52,9,2013,0,35646.56555082007
1983,2013,105,181,medium,53,10,2013,1,44124.78694476552
1984,2014,105,181,medium,54,11,2013,1,44806.250090752175
1985,2015,105,181,medium,55,12,2013,1,44426.17084019459
1986,2016,105,181,medium,56,13,2013,1,45350.19157369599
1987,2017,105,181,medium,57,14,2013,1,45432.35657422992
1988,2018,105,181,medium,58,15,2013,1,43617.0368095541
1989,2019,105,181,medium,59,16,2013,1,46263.84508934788
1990,2020,105,181,medium,60,17,2013,1,47500.819050455364
1991,2010,127,182,high,26,7,2013,0,33208.58265962715
1992,2011,127,182,high,27,8,2013,0,34577.826742949284
1993,2012,127,182,high,28,9,2013,0,34116.607694402126
1994,2013,127,182,high,29,10,2013,1,38902.89641508317
1995,2014,127,182,high,30,11,2013,1,40840.30047663285
1996,2015,127,182,high,31,12,2013,1,39146.95748150188
1997,2016,127,182,high,32,13,2013,1,37936.250697544565
1998,2017,127,182,high,33,14,2013,1,39873.86607211247
1999,2018,127,182,high,34,15,2013,1,39210.1947103871
2000,2019,127,182,high,35,16,2013,1,39849.64345005124
2001,2020,127,182,high,36,17,2013,1,41410.96265856896
2002,2010,127,183,low,38,8,2015,0,28915.16015800008
2003,2011,127,183,low,39,9,2015,0,30384.07694072192
2004,2012,127,183,low,40,10,2015,0,27712.77066609243
2005,2013,127,183,low,41,11,2015,0,32426.587414745878
2006,2014,127,183,low,42,12,2015,0,32502.41095072445
2007,2015,127,183,low,43,13,2015,1,36365.82273786362
2008,2016,127,183,low,44,14,2015,1,39818.49133686481
2009,2017,127,183,low,45,15,2015,1,40875.140275253114
2010,2018,127,183,low,46,16,2015,1,36284.88027126205
2011,2019,127,183,low,47,17,2015,1,38474.55044286757
2012,2020,127,183,low,48,18,2015,1,38961.71530042541
2013,2010,143,184,low,26,1,2012,0,23620.19379778227
2014,2011,143,184,low,27,2,2012,0,27658.9496838635
2015,2012,143,184,low,28,3,2012,1,31112.347722454393
2016,2013,143,184,low,29,4,2012,1,31470.97031737878
2017,2014,143,184,low,30,5,2012,1,28492.275271186492
2018,2015,143,184,low,31,6,2012,1,34270.836060418456
2019,2016,143,184,low,32,7,2012,1,31021.483210293056
2020,2017,143,184,low,33,8,2012,1,34119.86526053266
2021,2018,143,184,low,34,9,2012,1,35054.75387591638
2022,2019,143,184,low,35,10,2012,1,37721.3171916773
2023,2020,143,184,low,36,11,2012,1,32882.35920176178
2024,2010,183,185,low,53,8,2016,0,28960.97568835835
2025,2011,183,185,low,54,9,2016,0,35867.69908950739
2026,2012,183,185,low,55,10,2016,0,39601.02236302171
2027,2013,183,185,low,56,11,2016,0,38977.892705878876
2028,2014,183,185,low,57,12,2016,0,37419.31883054925
2029,2015,183,185,low,58,13,2016,0,36516.727628735905
2030,2016,183,185,low,59,14,2016,1,44614.24519327462
2031,2017,183,185,low,60,15,2016,1,41552.90760059106
2032,2018,183,185,low,61,16,2016,1,44952.71553871244
2033,2019,183,185,low,62,17,2016,1,45510.940318333254
2034,2020,183,185,low,63,18,2016,1,47120.41981499776
2035,2010,129,186,medium,28,4,2017,0,34219.32007782216
2036,2011,129,186,medium,29,5,2017,0,29984.831934357535
2037,2012,129,186,medium,30,6,2017,0,28682.072748585004
2038,2013,129,186,medium,31,7,2017,0,30148.85137561601
2039,2014,129,186,medium,32,8,2017,0,27161.848190221765
2040,2015,129,186,medium,33,9,2017,0,29810.573737821884
2041,2016,129,186,medium,34,10,2017,0,30881.435123773794
2042,2017,129,186,medium,35,11,2017,1,36151.823204130815
2043,2018,129,186,medium,36,12,2017,1,38004.70974406744
2044,2019,129,186,medium,37,13,2017,1,36555.1601352356
2045,2020,129,186,medium,38,14,2017,1,40942.06133464894
2046,2010,161,187,medium,41,4,2018,0,32600.414129836394
2047,2011,161,187,medium,42,5,2018,0,33081.399357722774
2048,2012,161,187,medium,43,6,2018,0,32944.210566974165
2049,2013,161,187,medium,44,7,2018,0,34410.38136771796
2050,2014,161,187,medium,45,8,2018,0,36250.19652933527
2051,2015,161,187,medium,46,9,2018,0,33365.739568578196
2052,2016,161,187,medium,47,10,2018,0,34283.76702184949
2053,2017,161,187,medium,48,11,2018,0,35492.54794244667
2054,2018,161,187,medium,49,12,2018,1,38908.25815305357
2055,2019,161,187,medium,50,13,2018,1,40461.48428055701
2056,2020,161,187,medium,51,14,2018,1,41647.55825291068
2057,2010,174,188,low,27,4,2017,0,28148.778361425455
2058,2011,174,188,low,28,5,2017,0,27425.12265800385
2059,2012,174,188,low,29,6,2017,0,27787.17982273509
2060,2013,174,188,low,30,7,2017,0,29601.795924335944
2061,2014,174,188,low,31,8,2017,0,28125.25642320121
2062,2015,174,188,low,32,9,2017,0,29680.929699857777
2063,2016,174,188,low,33,10,2017,0,29193.556494135006
2064,2017,174,188,low,34,11,2017,1,35430.724698799255
2065,2018,174,188,low,35,12,2017,1,34234.482684776835
2066,2019,174,188,low,36,13,2017,1,31022.36568344714
2067,2020,174,188,low,37,14,2017,1,36131.44167562739
2068,2010,191,189,high,37,6,2016,0,37645.49627219988
2069,2011,191,189,high,38,7,2016,0,37152.430804483185
2070,2012,191,189,high,39,8,2016,0,37730.794969182345
2071,2013,191,189,high,40,9,2016,0,38772.261443612435
2072,2014,191,189,high,41,10,2016,0,36977.31518192287
2073,2015,191,189,high,42,11,2016,0,37694.63141481119
2074,2016,191,189,high,43,12,2016,1,41564.696209131296
2075,2017,191,189,high,44,13,2016,1,42667.8542879459
2076,2018,191,189,high,45,14,2016,1,45031.542299542285
2077,2019,191,189,high,46,15,2016,1,46707.768874337635
2078,2020,191,189,high,47,16,2016,1,44521.107448638
2079,2010,188,190,medium,33,7,2013,0,29899.621470297177
2080,2011,188,190,medium,34,8,2013,0,31301.055917713195
2081,2012,188,190,medium,35,9,2013,0,33002.41349785823
2082,2013,188,190,medium,36,10,2013,1,34412.290367732916
2083,2014,188,190,medium,37,11,2013,1,33207.63809372552
2084,2015,188,190,medium,38,12,2013,1,37198.926301016836
2085,2016,188,190,medium,39,13,2013,1,36358.57514817168
2086,2017,188,190,medium,40,14,2013,1,38283.71960470538
2087,2018,188,190,medium,41,15,2013,1,39504.439362365054
2088,2019,188,190,medium,42,16,2013,1,39393.50318195397
2089,2020,188,190,medium,43,17,2013,1,43704.93506894149
2090,2010,161,191,low,31,6,2012,0,28653.48952920464
2091,2011,161,191,low,32,7,2012,0,29100.94871922166
2092,2012,161,191,low,33,8,2012,1,35244.4142880868
2093,2013,161,191,low,34,9,2012,1,32222.333764438463
2094,2014,161,191,low,35,10,2012,1,37078.22357484054
2095,2015,161,191,low,36,11,2012,1,35348.47142692908
2096,2016,161,191,low,37,12,2012,1,37340.96123448243
2097,2017,161,191,low,38,13,2012,1,34356.28553391969
2098,2018,161,191,low,39,14,2012,1,33892.48246796787
2099,2019,161,191,low,40,15,2012,1,39135.77931605006
2100,2020,161,191,low,41,16,2012,1,38752.81905219503
2101,2010,196,192,medium,39,1,2013,0,29595.896891284978
2102,2011,196,192,medium,40,2,2013,0,30160.67383745061
2103,2012,196,192,medium,41,3,2013,0,34650.86956882954
2104,2013,196,192,medium,42,4,2013,1,35521.176214265346
2105,2014,196,192,medium,43,5,2013,1,41685.345906511924
2106,2015,196,192,medium,44,6,2013,1,37098.75853070426
2107,2016,196,192,medium,45,7,2013,1,40676.783851216765
2108,2017,196,192,medium,46,8,2013,1,39242.76304850203
2109,2018,196,192,medium,47,9,2013,1,41606.37486216469
2110,2019,196,192,medium,48,10,2013,1,39811.77199577162
2111,2020,196,192,medium,49,11,2013,1,41074.414187855415
2112,2010,100,193,medium,47,8,2014,0,35281.83835079144
2113,2011,100,193,medium,48,9,2014,0,33695.62508843705
2114,2012,100,193,medium,49,10,2014,0,37681.64869084025
2115,2013,100,193,medium,50,11,2014,0,35673.57286705683
2116,2014,100,193,medium,51,12,2014,1,41742.80016931996
2117,2015,100,193,medium,52,13,2014,1,40711.30125078298
2118,2016,100,193,medium,53,14,2014,1,38075.33268240938
2119,2017,100,193,medium,54,15,2014,1,43317.94447479966
2120,2018,100,193,medium,55,16,2014,1,49025.23084322583
2121,2019,100,193,medium,56,17,2014,1,46269.208575796045
2122,2020,100,193,medium,57,18,2014,1,45161.47924053121
2123,2010,126,194,medium,53,7,2013,0,36274.218341583466
2124,2011,126,194,medium,54,8,2013,0,37344.931785624096
2125,2012,126,194,medium,55,9,2013,0,38894.23823035042
2126,2013,126,194,medium,56,10,2013,1,40938.37436938231
2127,2014,126,194,medium,57,11,2013,1,46028.64338933775
2128,2015,126,194,medium,58,12,2013,1,45730.76263088249
2129,2016,126,194,medium,59,13,2013,1,46236.37145141587
2130,2017,126,194,medium,60,14,2013,1,46176.951477619456
2131,2018,126,194,medium,61,15,2013,1,45839.23331538798
2132,2019,126,194,medium,62,16,2013,1,47645.72247193364
2133,2020,126,194,medium,63,17,2013,1,47983.62826748275
2134,2010,161,195,low,53,6,2013,0,33891.918578117955
2135,2011,161,195,low,54,7,2013,0,33952.796454206196
2136,2012,161,195,low,55,8,2013,0,35803.71259052397
2137,2013,161,195,low,56,9,2013,1,44198.040302990375
2138,2014,161,195,low,57,10,2013,1,39121.7858486922
2139,2015,161,195,low,58,11,2013,1,39164.94946849512
2140,2016,161,195,low,59,12,2013,1,42929.52168247303
2141,2017,161,195,low,60,13,2013,1,43201.77540371204
2142,2018,161,195,low,61,14,2013,1,43946.683328740815
2143,2019,161,195,low,62,15,2013,1,44587.906395817
2144,2020,161,195,low,63,16,2013,1,44153.59549073039
2145,2010,176,196,low,35,6,2016,0,32179.726877204164
2146,2011,176,196,low,36,7,2016,0,26498.19204304697
2147,2012,176,196,low,37,8,2016,0,28543.005950439507
2148,2013,176,196,low,38,9,2016,0,30493.490479701904
2149,2014,176,196,low,39,10,2016,0,27913.622377691667
2150,2015,176,196,low,40,11,2016,0,31348.291191135857
2151,2016,176,196,low,41,12,2016,1,40522.94033145603
2152,2017,176,196,low,42,13,2016,1,37741.77297659192
2153,2018,176,196,low,43,14,2016,1,38661.40181143737
2154,2019,176,196,low,44,15,2016,1,36179.67046965484
2155,2020,176,196,low,45,16,2016,1,37967.27718392105
2156,2010,102,197,low,44,5,2016,0,30949.607239352124
2157,2011,102,197,low,45,6,2016,0,31564.569806487532
2158,2012,102,197,low,46,7,2016,0,35263.28759000754
2159,2013,102,197,low,47,8,2016,0,34315.382121450246
2160,2014,102,197,low,48,9,2016,0,31477.084086125935
2161,2015,102,197,low,49,10,2016,0,34693.00955686401
2162,2016,102,197,low,50,11,2016,1,40696.44349699357
2163,2017,102,197,low,51,12,2016,1,42480.298077042535
2164,2018,102,197,low,52,13,2016,1,43861.081373136745
2165,2019,102,197,low,53,14,2016,1,39169.81161634426
2166,2020,102,197,low,54,15,2016,1,40078.28497757932
2167,2010,169,198,high,26,6,2016,0,28984.84428217077
2168,2011,169,198,high,27,7,2016,0,31531.960281786036
2169,2012,169,198,high,28,8,2016,0,33432.71674889267
2170,2013,169,198,high,29,9,2016,0,34974.6690331782
2171,2014,169,198,high,30,10,2016,0,33348.097952714954
2172,2015,169,198,high,31,11,2016,0,33360.30495349031
2173,2016,169,198,high,32,12,2016,1,39803.515984497484
2174,2017,169,198,high,33,13,2016,1,38329.71419673995
2175,2018,169,198,high,34,14,2016,1,44679.07744338955
2176,2019,169,198,high,35,15,2016,1,37784.677945763884
2177,2020,169,198,high,36,16,2016,1,41869.48115779145
2178,2010,171,199,high,39,9,2017,0,40047.212438459275
2179,2011,171,199,high,40,10,2017,0,36513.59968912
2180,2012,171,199,high,41,11,2017,0,36619.921929997014
2181,2013,171,199,high,42,12,2017,0,36785.10915437915
2182,2014,171,199,high,43,13,2017,0,37639.21663647518
2183,2015,171,199,high,44,14,2017,0,41245.69694935306
2184,2016,171,199,high,45,15,2017,0,34576.27617734099
2185,2017,171,199,high,46,16,2017,1,47566.86740259265
2186,2018,171,199,high,47,17,2017,1,42152.08569509971
2187,2019,171,199,high,48,18,2017,1,44966.69534153117
2188,2020,171,199,high,49,19,2017,1,45141.511159402675
2189,2010,126,200,low,38,9,2014,0,31877.10653954144
2190,2011,126,200,low,39,10,2014,0,28003.751296232505
2191,2012,126,200,low,40,11,2014,0,32624.345332163884
2192,2013,126,200,low,41,12,2014,0,36248.619246573704
2193,2014,126,200,low,42,13,2014,1,34973.65199081438
2194,2015,126,200,low,43,14,2014,1,38579.41233522079
2195,2016,126,200,low,44,15,2014,1,37376.03564440678
2196,2017,126,200,low,45,16,2014,1,40051.77441238607
2197,2018,126,200,low,46,17,2014,1,39738.29555483151
2198,2019,126,200,low,47,18,2014,1,38917.02618191138
2199,2020,126,200,low,48,19,2014,1,41675.74456974215
2200,2010,108,201,low,44,8,2016,0,35908.69621957349
2201,2011,108,201,low,45,9,2016,0,32418.192416545404
2202,2012,108,201,low,46,10,2016,0,34739.515884296365
2203,2013,108,201,low,47,11,2016,0,31213.45408425767
2204,2014,108,201,low,48,12,2016,0,32387.127246363983
2205,2015,108,201,low,49,13,2016,0,35744.81255576076
2206,2016,108,201,low,50,14,2016,1,43268.23205707193
2207,2017,108,201,low,51,15,2016,1,41511.22669757132
2208,2018,108,201,low,52,16,2016,1,40673.88393895369
2209,2019,108,201,low,53,17,2016,1,41798.58281084671
2210,2020,108,201,low,54,18,2016,1,39799.184532060564
2211,2010,161,202,low,46,9,2012,0,34309.03065271073
2212,2011,161,202,low,47,10,2012,0,35364.66612464682
2213,2012,161,202,low,48,11,2012,1,38195.81933433384
2214,2013,161,202,low,49,12,2012,1,38659.915704481
2215,2014,161,202,low,50,13,2012,1,40631.756459304095
2216,2015,161,202,low,51,14,2012,1,39726.56052791881
2217,2016,161,202,low,52,15,2012,1,40967.73477074836
2218,2017,161,202,low,53,16,2012,1,45799.443578333034
2219,2018,161,202,low,54,17,2012,1,41605.94859850801
2220,2019,161,202,low,55,18,2012,1,41883.31969595756
2221,2020,161,202,low,56,19,2012,1,41804.91638872968
2222,2010,136,203,low,35,8,2017,0,31088.383942999873
2223,2011,136,203,low,36,9,2017,0,29737.551653563794
2224,2012,136,203,low,37,10,2017,0,29301.253923357148
2225,2013,136,203,low,38,11,2017,0,33742.608064546024
2226,2014,136,203,low,39,12,2017,0,34439.20600902727
2227,2015,136,203,low,40,13,2017,0,30899.15286852259
2228,2016,136,203,low,41,14,2017,0,28866.920097278766
2229,2017,136,203,low,42,15,2017,1,40115.02737967385
2230,2018,136,203,low,43,16,2017,1,37230.740348479994
2231,2019,136,203,low,44,17,2017,1,40681.25119832554
2232,2020,136,203,low,45,18,2017,1,35659.79236457633
2233,2010,196,204,high,51,8,2015,0,41185.19467659862
2234,2011,196,204,high,52,9,2015,0,37477.656141438434
2235,2012,196,204,high,53,10,2015,0,41861.52823813305
2236,2013,196,204,high,54,11,2015,0,40928.54613567287
2237,2014,196,204,high,55,12,2015,0,39492.12116120671
2238,2015,196,204,high,56,13,2015,1,46085.92737414644
2239,2016,196,204,high,57,14,2015,1,48772.636913913404
2240,2017,196,204,high,58,15,2015,1,48111.78890623047
2241,2018,196,204,high,59,16,2015,1,49568.82596094497
2242,2019,196,204,high,60,17,2015,1,52852.881169030974
2243,2020,196,204,high,61,18,2015,1,46271.5167765779
2244,2010,150,205,medium,27,1,2012,0,31034.425149937248
2245,2011,150,205,medium,28,2,2012,0,28508.711875046425
2246,2012,150,205,medium,29,3,2012,1,32002.431903353743
2247,2013,150,205,medium,30,4,2012,1,31639.37274852202
2248,2014,150,205,medium,31,5,2012,1,34421.759218445935
2249,2015,150,205,medium,32,6,2012,1,37143.30022384892
2250,2016,150,205,medium,33,7,2012,1,35544.90175924493
2251,2017,150,205,medium,34,8,2012,1,39322.30986049469
2252,2018,150,205,medium,35,9,2012,1,33897.648619896885
2253,2019,150,205,medium,36,10,2012,1,37275.82210430789
2254,2020,150,205,medium,37,11,2012,1,35295.21311117376
2255,2010,143,206,medium,41,5,2018,0,33527.26376524993
2256,2011,143,206,medium,42,6,2018,0,35073.7747801946
2257,2012,143,206,medium,43,7,2018,0,32958.476412637894
2258,2013,143,206,medium,44,8,2018,0,29091.57228674573
2259,2014,143,206,medium,45,9,2018,0,35197.89629359299
2260,2015,143,206,medium,46,10,2018,0,36173.47710346702
2261,2016,143,206,medium,47,11,2018,0,36608.5895099234
2262,2017,143,206,medium,48,12,2018,0,38771.564383644305
2263,2018,143,206,medium,49,13,2018,1,39657.8926407019
2264,2019,143,206,medium,50,14,2018,1,43660.4322109009
2265,2020,143,206,medium,51,15,2018,1,45185.01502495595
2266,2010,123,207,low,54,4,2018,0,30942.824831986967
2267,2011,123,207,low,55,5,2018,0,35639.30365183795
2268,2012,123,207,low,56,6,2018,0,34491.64033798466
2269,2013,123,207,low,57,7,2018,0,35836.95465379671
2270,2014,123,207,low,58,8,2018,0,37195.35296707667
2271,2015,123,207,low,59,9,2018,0,36025.542871772894
2272,2016,123,207,low,60,10,2018,0,36148.58384167678
2273,2017,123,207,low,61,11,2018,0,38068.30483497605
2274,2018,123,207,low,62,12,2018,1,41325.5081222744
2275,2019,123,207,low,63,13,2018,1,41828.34974222963
2276,2020,123,207,low,64,14,2018,1,45858.74656591301
2277,2010,178,208,medium,36,2,2012,0,28402.411929682687
2278,2011,178,208,medium,37,3,2012,0,32532.625001818422
2279,2012,178,208,medium,38,4,2012,1,37625.1825857079
2280,2013,178,208,medium,39,5,2012,1,33748.386542418804
2281,2014,178,208,medium,40,6,2012,1,36344.87069532869
2282,2015,178,208,medium,41,7,2012,1,40588.218806094745
2283,2016,178,208,medium,42,8,2012,1,36737.668937720635
2284,2017,178,208,medium,43,9,2012,1,38271.19147538122
2285,2018,178,208,medium,44,10,2012,1,40624.12178650379
2286,2019,178,208,medium,45,11,2012,1,41766.78101856519
2287,2020,178,208,medium,46,12,2012,1,40196.92222791101
2288,2010,158,209,medium,48,8,2016,0,34304.97961061672
2289,2011,158,209,medium,49,9,2016,0,38844.73972339702
2290,2012,158,209,medium,50,10,2016,0,39977.79932759516
2291,2013,158,209,medium,51,11,2016,0,38957.716101563594
2292,2014,158,209,medium,52,12,2016,0,37670.63628513005
2293,2015,158,209,medium,53,13,2016,0,36383.468556718144
2294,2016,158,209,medium,54,14,2016,1,41839.11118688687
2295,2017,158,209,medium,55,15,2016,1,45045.02821053151
2296,2018,158,209,medium,56,16,2016,1,45336.79644177737
2297,2019,158,209,medium,57,17,2016,1,47803.19718589286
2298,2020,158,209,medium,58,18,2016,1,46800.90018507228
2299,2010,131,210,medium,52,3,2015,0,32693.839396480365
2300,2011,131,210,medium,53,4,2015,0,38303.89523544584
2301,2012,131,210,medium,54,5,2015,0,34703.87874537118
2302,2013,131,210,medium,55,6,2015,0,36432.057456095295
2303,2014,131,210,medium,56,7,2015,0,38200.40041250339
2304,2015,131,210,medium,57,8,2015,1,47191.33497956793
2305,2016,131,210,medium,58,9,2015,1,49919.83711201072
2306,2017,131,210,medium,59,10,2015,1,45413.44611827237
2307,2018,131,210,medium,60,11,2015,1,44333.606762559226
2308,2019,131,210,medium,61,12,2015,1,46269.0112969611
2309,2020,131,210,medium,62,13,2015,1,47475.31085174767
2310,2010,195,211,low,53,4,2015,0,33558.66474888562
2311,2011,195,211,low,54,5,2015,0,38290.42271182464
2312,2012,195,211,low,55,6,2015,0,35660.14151838281
2313,2013,195,211,low,56,7,2015,0,36695.486178182786
2314,2014,195,211,low,57,8,2015,0,37531.84850410892
2315,2015,195,211,low,58,9,2015,1,42543.17322122891
2316,2016,195,211,low,59,10,2015,1,43877.881000939225
2317,2017,195,211,low,60,11,2015,1,41465.49362690615
2318,2018,195,211,low,61,12,2015,1,42083.39649210794
2319,2019,195,211,low,62,13,2015,1,41499.69153405661
2320,2020,195,211,low,63,14,2015,1,45079.00246124045
2321,2010,187,212,medium,45,7,2017,0,35957.87300702423
2322,2011,187,212,medium,46,8,2017,0,35815.54573230377
2323,2012,187,212,medium,47,9,2017,0,38748.98486669507
2324,2013,187,212,medium,48,10,2017,0,35888.8079623419
2325,2014,187,212,medium,49,11,2017,0,37737.483311185024
2326,2015,187,212,medium,50,12,2017,0,34716.59824772137
2327,2016,187,212,medium,51,13,2017,0,36625.8005950512
2328,2017,187,212,medium,52,14,2017,1,44291.07551513155
2329,2018,187,212,medium,53,15,2017,1,45098.20422148629
2330,2019,187,212,medium,54,16,2017,1,43312.066104671634
2331,2020,187,212,medium,55,17,2017,1,44256.801496283864
2332,2010,151,213,medium,39,9,2015,0,29964.252506638382
2333,2011,151,213,medium,40,10,2015,0,32785.94159838678
2334,2012,151,213,medium,41,11,2015,0,35780.76632703957
2335,2013,151,213,medium,42,12,2015,0,35650.410032213134
2336,2014,151,213,medium,43,13,2015,0,36001.33144276242
2337,2015,151,213,medium,44,14,2015,1,40599.54737436192
2338,2016,151,213,medium,45,15,2015,1,41014.126317256356
2339,2017,151,213,medium,46,16,2015,1,40179.35772105311
2340,2018,151,213,medium,47,17,2015,1,43397.65684040507
2341,2019,151,213,medium,48,18,2015,1,43341.94588877878
2342,2020,151,213,medium,49,19,2015,1,43984.0376959856
2343,2010,161,214,low,40,2,2018,0,28847.930314664838
2344,2011,161,214,low,41,3,2018,0,26093.314160257512
2345,2012,161,214,low,42,4,2018,0,33094.305423507394
2346,2013,161,214,low,43,5,2018,0,30442.32508798319
2347,2014,161,214,low,44,6,2018,0,30174.448471913758
2348,2015,161,214,low,45,7,2018,0,33786.95782382799
2349,2016,161,214,low,46,8,2018,0,32115.97472016174
2350,2017,161,214,low,47,9,2018,0,35519.87276809324
2351,2018,161,214,low,48,10,2018,1,40134.0118991534
2352,2019,161,214,low,49,11,2018,1,40767.138646400956
2353,2020,161,214,low,50,12,2018,1,37168.08857759893
2354,2010,157,215,medium,29,3,2014,0,31223.8879707728
2355,2011,157,215,medium,30,4,2014,0,29822.501062467712
2356,2012,157,215,medium,31,5,2014,0,29061.445721507593
2357,2013,157,215,medium,32,6,2014,0,30586.7769346845
2358,2014,157,215,medium,33,7,2014,1,32247.52953420336
2359,2015,157,215,medium,34,8,2014,1,37117.30562296134
2360,2016,157,215,medium,35,9,2014,1,34741.25698363586
2361,2017,157,215,medium,36,10,2014,1,34594.65942831293
2362,2018,157,215,medium,37,11,2014,1,34755.28162756422
2363,2019,157,215,medium,38,12,2014,1,40525.37674997985
2364,2020,157,215,medium,39,13,2014,1,37541.47321261442
2365,2010,151,216,high,51,4,2016,0,41667.455419833
2366,2011,151,216,high,52,5,2016,0,38028.3970738954
2367,2012,151,216,high,53,6,2016,0,36185.284084814106
2368,2013,151,216,high,54,7,2016,0,37866.95112010268
2369,2014,151,216,high,55,8,2016,0,43071.623240013876
2370,2015,151,216,high,56,9,2016,0,40788.20364412667
2371,2016,151,216,high,57,10,2016,1,45503.425407018796
2372,2017,151,216,high,58,11,2016,1,47420.03645170558
2373,2018,151,216,high,59,12,2016,1,48603.56547233509
2374,2019,151,216,high,60,13,2016,1,50334.79763180492
2375,2020,151,216,high,61,14,2016,1,51496.99845978585
2376,2010,111,217,high,44,1,2015,0,35180.46270842183
2377,2011,111,217,high,45,2,2015,0,33747.904627835924
2378,2012,111,217,high,46,3,2015,0,36073.06967775345
2379,2013,111,217,high,47,4,2015,0,37920.561013165774
2380,2014,111,217,high,48,5,2015,0,35972.482147578776
2381,2015,111,217,high,49,6,2015,1,41485.698170209915
2382,2016,111,217,high,50,7,2015,1,44587.57576309977
2383,2017,111,217,high,51,8,2015,1,44302.6952968591
2384,2018,111,217,high,52,9,2015,1,44965.593990823174
2385,2019,111,217,high,53,10,2015,1,43883.00933059986
2386,2020,111,217,high,54,11,2015,1,45439.198571588466
2387,2010,138,218,medium,30,7,2017,0,28051.53371146339
2388,2011,138,218,medium,31,8,2017,0,32180.396822249575
2389,2012,138,218,medium,32,9,2017,0,32970.49866944751
2390,2013,138,218,medium,33,10,2017,0,27707.624275523813
2391,2014,138,218,medium,34,11,2017,0,30040.97827961518
2392,2015,138,218,medium,35,12,2017,0,29406.94148981984
2393,2016,138,218,medium,36,13,2017,0,31599.952131186204
2394,2017,138,218,medium,37,14,2017,1,38233.12406041928
2395,2018,138,218,medium,38,15,2017,1,36000.70956060294
2396,2019,138,218,medium,39,16,2017,1,37556.280373749374
2397,2020,138,218,medium,40,17,2017,1,37892.085255837
2398,2010,101,219,medium,43,2,2018,0,33214.534658797886
2399,2011,101,219,medium,44,3,2018,0,33438.6886740725
2400,2012,101,219,medium,45,4,2018,0,32356.52489332549
2401,2013,101,219,medium,46,5,2018,0,34653.64174427879
2402,2014,101,219,medium,47,6,2018,0,33706.63983082547
2403,2015,101,219,medium,48,7,2018,0,34756.68977934789
2404,2016,101,219,medium,49,8,2018,0,39146.90418059708
2405,2017,101,219,medium,50,9,2018,0,38980.9221035807
2406,2018,101,219,medium,51,10,2018,1,39200.8375261448
2407,2019,101,219,medium,52,11,2018,1,43959.46483575835
2408,2020,101,219,medium,53,12,2018,1,44422.79310898318
2409,2010,102,220,high,49,5,2014,0,35903.47342249476
2410,2011,102,220,high,50,6,2014,0,40337.55528750972
2411,2012,102,220,high,51,7,2014,0,42275.863836825105
2412,2013,102,220,high,52,8,2014,0,37454.910387511176
2413,2014,102,220,high,53,9,2014,1,43364.994357971475
2414,2015,102,220,high,54,10,2014,1,47735.322933687006
2415,2016,102,220,high,55,11,2014,1,46742.9906216513
2416,2017,102,220,high,56,12,2014,1,47802.95255047904
2417,2018,102,220,high,57,13,2014,1,47881.178432800996
2418,2019,102,220,high,58,14,2014,1,48481.39184185629
2419,2020,102,220,high,59,15,2014,1,45547.05574337783
2420,2010,155,221,medium,29,1,2013,0,30494.635413242897
2421,2011,155,221,medium,30,2,2013,0,31239.179984855546
2422,2012,155,221,medium,31,3,2013,0,28941.218511863943
2423,2013,155,221,medium,32,4,2013,1,34813.046100372274
2424,2014,155,221,medium,33,5,2013,1,32337.784994888556
2425,2015,155,221,medium,34,6,2013,1,36928.50951203567
2426,2016,155,221,medium,35,7,2013,1,37544.11488342829
2427,2017,155,221,medium,36,8,2013,1,36775.61796600138
2428,2018,155,221,medium,37,9,2013,1,39648.70671974101
2429,2019,155,221,medium,38,10,2013,1,37231.84553804012
2430,2020,155,221,medium,39,11,2013,1,39529.2118517872
2431,2010,180,222,low,27,3,2013,0,24160.67132261577
2432,2011,180,222,low,28,4,2013,0,26652.895698251523
2433,2012,180,222,low,29,5,2013,0,26851.291484194327
2434,2013,180,222,low,30,6,2013,1,33150.61584408188
2435,2014,180,222,low,31,7,2013,1,32460.946142333283
2436,2015,180,222,low,32,8,2013,1,33437.05480865666
2437,2016,180,222,low,33,9,2013,1,35852.094342883014
2438,2017,180,222,low,34,10,2013,1,33826.471525523564
2439,2018,180,222,low,35,11,2013,1,31986.84579852264
2440,2019,180,222,low,36,12,2013,1,39199.16780841084
2441,2020,180,222,low,37,13,2013,1,38962.908157380974
2442,2010,158,223,high,51,2,2014,0,35615.47460978876
2443,2011,158,223,high,52,3,2014,0,40079.41561049039
2444,2012,158,223,high,53,4,2014,0,38194.05045889731
2445,2013,158,223,high,54,5,2014,0,40226.97443066212
2446,2014,158,223,high,55,6,2014,1,45788.44825802699
2447,2015,158,223,high,56,7,2014,1,45231.184399367354
2448,2016,158,223,high,57,8,2014,1,44632.468668827205
2449,2017,158,223,high,58,9,2014,1,45318.91789536748
2450,2018,158,223,high,59,10,2014,1,45367.616169037516
2451,2019,158,223,high,60,11,2014,1,46036.35558353911
2452,2020,158,223,high,61,12,2014,1,48065.64341990129
2453,2010,101,224,low,25,1,2018,0,23768.480021778498
2454,2011,101,224,low,26,2,2018,0,27064.10413142524
2455,2012,101,224,low,27,3,2018,0,29174.492310671856
2456,2013,101,224,low,28,4,2018,0,25539.893517259916
2457,2014,101,224,low,29,5,2018,0,27678.809001070753
2458,2015,101,224,low,30,6,2018,0,28699.370220605866
2459,2016,101,224,low,31,7,2018,0,29144.00454183855
2460,2017,101,224,low,32,8,2018,0,28851.910535832176
2461,2018,101,224,low,33,9,2018,1,35685.36483671945
2462,2019,101,224,low,34,10,2018,1,35664.49790536131
2463,2020,101,224,low,35,11,2018,1,32724.675155345405
2464,2010,101,225,medium,50,7,2017,0,37638.31212877855
2465,2011,101,225,medium,51,8,2017,0,38174.58167453348
2466,2012,101,225,medium,52,9,2017,0,35373.42779164284
2467,2013,101,225,medium,53,10,2017,0,37475.875670895206
2468,2014,101,225,medium,54,11,2017,0,39266.657985622136
2469,2015,101,225,medium,55,12,2017,0,37981.37236084128
2470,2016,101,225,medium,56,13,2017,0,41045.95609553203
2471,2017,101,225,medium,57,14,2017,1,49127.74498923872
2472,2018,101,225,medium,58,15,2017,1,43328.02793473004
2473,2019,101,225,medium,59,16,2017,1,42637.91079369245
2474,2020,101,225,medium,60,17,2017,1,46507.63719120975
2475,2010,191,226,low,52,5,2014,0,35543.12501025229
2476,2011,191,226,low,53,6,2014,0,34138.26725231046
2477,2012,191,226,low,54,7,2014,0,38006.52132664207
2478,2013,191,226,low,55,8,2014,0,32922.7884005535
2479,2014,191,226,low,56,9,2014,1,42485.83724606322
2480,2015,191,226,low,57,10,2014,1,40388.27835848221
2481,2016,191,226,low,58,11,2014,1,45538.755812414594
2482,2017,191,226,low,59,12,2014,1,46585.030706336234
2483,2018,191,226,low,60,13,2014,1,41566.6868244333
2484,2019,191,226,low,61,14,2014,1,42500.88572818284
2485,2020,191,226,low,62,15,2014,1,45819.17577395961
2486,2010,153,227,low,30,1,2016,0,25925.73870042097
2487,2011,153,227,low,31,2,2016,0,27109.177564135523
2488,2012,153,227,low,32,3,2016,0,27750.776841084822
2489,2013,153,227,low,33,4,2016,0,24360.65368760469
2490,2014,153,227,low,34,5,2016,0,28672.324507811525
2491,2015,153,227,low,35,6,2016,0,27820.544451871654
2492,2016,153,227,low,36,7,2016,1,33713.75435520046
2493,2017,153,227,low,37,8,2016,1,38087.26400693763
2494,2018,153,227,low,38,9,2016,1,33186.98621144149
2495,2019,153,227,low,39,10,2016,1,37826.41037349596
2496,2020,153,227,low,40,11,2016,1,36142.074139336386
2497,2010,186,228,medium,39,6,2016,0,31840.479663008333
2498,2011,186,228,medium,40,7,2016,0,34480.74379210342
2499,2012,186,228,medium,41,8,2016,0,34080.10258913778
2500,2013,186,228,medium,42,9,2016,0,35041.22599443906
2501,2014,186,228,medium,43,10,2016,0,36336.36932106572
2502,2015,186,228,medium,44,11,2016,0,34237.38323363336
2503,2016,186,228,medium,45,12,2016,1,39175.5265309845
2504,2017,186,228,medium,46,13,2016,1,38729.698946884404
2505,2018,186,228,medium,47,14,2016,1,39749.17894004209
2506,2019,186,228,medium,48,15,2016,1,47798.18885061745
2507,2020,186,228,medium,49,16,2016,1,44889.35916147357
2508,2010,195,229,medium,26,5,2013,0,25597.85126758396
2509,2011,195,229,medium,27,6,2013,0,26155.08408651286
2510,2012,195,229,medium,28,7,2013,0,30263.732123436985
2511,2013,195,229,medium,29,8,2013,1,35894.529594755935
2512,2014,195,229,medium,30,9,2013,1,36397.76767063473
2513,2015,195,229,medium,31,10,2013,1,35290.088412892605
2514,2016,195,229,medium,32,11,2013,1,36049.0914799942
2515,2017,195,229,medium,33,12,2013,1,37455.759048318716
2516,2018,195,229,medium,34,13,2013,1,37471.78601258666
2517,2019,195,229,medium,35,14,2013,1,33361.399254504926
2518,2020,195,229,medium,36,15,2013,1,37840.40073884961
2519,2010,196,230,low,53,3,2015,0,32297.18713147937
2520,2011,196,230,low,54,4,2015,0,34850.42283781702
2521,2012,196,230,low,55,5,2015,0,40970.51800520682
2522,2013,196,230,low,56,6,2015,0,36234.96333094861
2523,2014,196,230,low,57,7,2015,0,35372.9406276552
2524,2015,196,230,low,58,8,2015,1,43343.60300395451
2525,2016,196,230,low,59,9,2015,1,42965.375774418426
2526,2017,196,230,low,60,10,2015,1,43340.18898090368
2527,2018,196,230,low,61,11,2015,1,44213.70118643134
2528,2019,196,230,low,62,12,2015,1,47613.087129659085
2529,2020,196,230,low,63,13,2015,1,41738.22312934817
2530,2010,100,231,low,27,7,2017,0,27947.26415362291
2531,2011,100,231,low,28,8,2017,0,25647.237740036922
2532,2012,100,231,low,29,9,2017,0,29111.025292684495
2533,2013,100,231,low,30,10,2017,0,26662.626977027812
2534,2014,100,231,low,31,11,2017,0,28165.266372789833
2535,2015,100,231,low,32,12,2017,0,28909.82017152419
2536,2016,100,231,low,33,13,2017,0,31951.63343868942
2537,2017,100,231,low,34,14,2017,1,37336.90888788483
2538,2018,100,231,low,35,15,2017,1,33508.56524710723
2539,2019,100,231,low,36,16,2017,1,36609.8682219997
2540,2020,100,231,low,37,17,2017,1,35580.840290501656
2541,2010,118,232,low,41,9,2013,0,29082.990178649332
2542,2011,118,232,low,42,10,2013,0,31665.96589915126
2543,2012,118,232,low,43,11,2013,0,31983.03442308836
2544,2013,118,232,low,44,12,2013,1,42953.432972691044
2545,2014,118,232,low,45,13,2013,1,39465.91965072139
2546,2015,118,232,low,46,14,2013,1,36344.764998491526
2547,2016,118,232,low,47,15,2013,1,38470.45199165811
2548,2017,118,232,low,48,16,2013,1,42142.766590858795
2549,2018,118,232,low,49,17,2013,1,44776.88554573985
2550,2019,118,232,low,50,18,2013,1,37928.033375524086
2551,2020,118,232,low,51,19,2013,1,37840.15122972191
2552,2010,101,233,medium,49,9,2015,0,39741.93035074356
2553,2011,101,233,medium,50,10,2015,0,37279.228354741805
2554,2012,101,233,medium,51,11,2015,0,35263.41453624727
2555,2013,101,233,medium,52,12,2015,0,38569.258172244874
2556,2014,101,233,medium,53,13,2015,0,32728.504521966242
2557,2015,101,233,medium,54,14,2015,1,43506.75101319432
2558,2016,101,233,medium,55,15,2015,1,44655.642345686174
2559,2017,101,233,medium,56,16,2015,1,46348.540279075656
2560,2018,101,233,medium,57,17,2015,1,42972.20809541493
2561,2019,101,233,medium,58,18,2015,1,45671.37432280672
2562,2020,101,233,medium,59,19,2015,1,44149.15074788083
2563,2010,152,234,high,48,9,2015,0,39210.76751134863
2564,2011,152,234,high,49,10,2015,0,37409.30735527395
2565,2012,152,234,high,50,11,2015,0,38883.79832167956
2566,2013,152,234,high,51,12,2015,0,38208.36921041954
2567,2014,152,234,high,52,13,2015,0,42002.27248364731
2568,2015,152,234,high,53,14,2015,1,47916.90223331333
2569,2016,152,234,high,54,15,2015,1,46230.758860085174
2570,2017,152,234,high,55,16,2015,1,47276.47598992006
2571,2018,152,234,high,56,17,2015,1,44802.81717073291
2572,2019,152,234,high,57,18,2015,1,47600.64670398643
2573,2020,152,234,high,58,19,2015,1,48599.59076591651
2574,2010,143,235,medium,36,2,2016,0,35941.58618205995
2575,2011,143,235,medium,37,3,2016,0,28976.065948451673
2576,2012,143,235,medium,38,4,2016,0,34628.35447750487
2577,2013,143,235,medium,39,5,2016,0,34193.71754693161
2578,2014,143,235,medium,40,6,2016,0,33261.27280898027
2579,2015,143,235,medium,41,7,2016,0,36717.240968390266
2580,2016,143,235,medium,42,8,2016,1,39444.21094521372
2581,2017,143,235,medium,43,9,2016,1,39978.31839133586
2582,2018,143,235,medium,44,10,2016,1,39593.75869396491
2583,2019,143,235,medium,45,11,2016,1,42647.13776483726
2584,2020,143,235,medium,46,12,2016,1,42892.93846762177
2585,2010,189,236,medium,42,3,2018,0,31448.645425007577
2586,2011,189,236,medium,43,4,2018,0,30561.505610802466
2587,2012,189,236,medium,44,5,2018,0,33294.03872520869
2588,2013,189,236,medium,45,6,2018,0,32599.922871204708
2589,2014,189,236,medium,46,7,2018,0,34572.95085076929
2590,2015,189,236,medium,47,8,2018,0,37674.87626936828
2591,2016,189,236,medium,48,9,2018,0,34785.39668982642
2592,2017,189,236,medium,49,10,2018,0,36114.35323737685
2593,2018,189,236,medium,50,11,2018,1,41816.04546961679
2594,2019,189,236,medium,51,12,2018,1,43896.86176441057
2595,2020,189,236,medium,52,13,2018,1,38206.22133203079
2596,2010,131,237,high,39,7,2012,0,34386.599410469404
2597,2011,131,237,high,40,8,2012,0,36522.56738455895
2598,2012,131,237,high,41,9,2012,1,44000.15791285372
2599,2013,131,237,high,42,10,2012,1,41116.19510498759
2600,2014,131,237,high,43,11,2012,1,38846.89458791625
2601,2015,131,237,high,44,12,2012,1,44339.42289193227
2602,2016,131,237,high,45,13,2012,1,42329.27522234874
2603,2017,131,237,high,46,14,2012,1,41720.666681819275
2604,2018,131,237,high,47,15,2012,1,43351.30922057355
2605,2019,131,237,high,48,16,2012,1,44730.9492846883
2606,2020,131,237,high,49,17,2012,1,44390.51067092358
2607,2010,169,238,medium,36,5,2018,0,26888.86788580186
2608,2011,169,238,medium,37,6,2018,0,33594.13239377426
2609,2012,169,238,medium,38,7,2018,0,34849.750082557446
2610,2013,169,238,medium,39,8,2018,0,34103.04398267901
2611,2014,169,238,medium,40,9,2018,0,31024.628659150367
2612,2015,169,238,medium,41,10,2018,0,33397.01693210496
2613,2016,169,238,medium,42,11,2018,0,34286.95736954109
2614,2017,169,238,medium,43,12,2018,0,35997.58877912382
2615,2018,169,238,medium,44,13,2018,1,41636.68097743616
2616,2019,169,238,medium,45,14,2018,1,39331.65240244301
2617,2020,169,238,medium,46,15,2018,1,41463.99111282712
2618,2010,131,239,low,40,2,2012,0,30814.560809230483
2619,2011,131,239,low,41,3,2012,0,33311.644644293534
2620,2012,131,239,low,42,4,2012,1,37309.01307964945
2621,2013,131,239,low,43,5,2012,1,37978.11337475104
2622,2014,131,239,low,44,6,2012,1,37067.65325585872
2623,2015,131,239,low,45,7,2012,1,40220.918290407004
2624,2016,131,239,low,46,8,2012,1,38719.525591918995
2625,2017,131,239,low,47,9,2012,1,36677.82417965286
2626,2018,131,239,low,48,10,2012,1,41706.73994025038
2627,2019,131,239,low,49,11,2012,1,40795.806545078056
2628,2020,131,239,low,50,12,2012,1,39013.91195774303
2629,2010,167,240,low,51,3,2014,0,32441.014065201514
2630,2011,167,240,low,52,4,2014,0,34493.15109028152
2631,2012,167,240,low,53,5,2014,0,35326.36959053517
2632,2013,167,240,low,54,6,2014,0,35294.584531262415
2633,2014,167,240,low,55,7,2014,1,41022.61734688577
2634,2015,167,240,low,56,8,2014,1,44299.91474915276
2635,2016,167,240,low,57,9,2014,1,43543.08630446977
2636,2017,167,240,low,58,10,2014,1,42281.27118253005
2637,2018,167,240,low,59,11,2014,1,44282.62116153497
2638,2019,167,240,low,60,12,2014,1,40834.95219294492
2639,2020,167,240,low,61,13,2014,1,44195.854099893615
2640,2010,154,241,medium,32,6,2016,0,33918.61269946622
2641,2011,154,241,medium,33,7,2016,0,30363.908209215253
2642,2012,154,241,medium,34,8,2016,0,29604.73214276183
2643,2013,154,241,medium,35,9,2016,0,30495.82222281388
2644,2014,154,241,medium,36,10,2016,0,30120.733925315224
2645,2015,154,241,medium,37,11,2016,0,31230.47618374459
2646,2016,154,241,medium,38,12,2016,1,37558.983802819945
2647,2017,154,241,medium,39,13,2016,1,35988.86596164272
2648,2018,154,241,medium,40,14,2016,1,39331.236667899204
2649,2019,154,241,medium,41,15,2016,1,41604.55434757329
2650,2020,154,241,medium,42,16,2016,1,38484.48763970616
2651,2010,174,242,medium,52,7,2015,0,39538.567847283535
2652,2011,174,242,medium,53,8,2015,0,38021.58417705519
2653,2012,174,242,medium,54,9,2015,0,39561.16117124812
2654,2013,174,242,medium,55,10,2015,0,36684.33089229572
2655,2014,174,242,medium,56,11,2015,0,40209.050454133234
2656,2015,174,242,medium,57,12,2015,1,41816.13219920937
2657,2016,174,242,medium,58,13,2015,1,46280.495001673014
2658,2017,174,242,medium,59,14,2015,1,45343.678679587065
2659,2018,174,242,medium,60,15,2015,1,46606.50243996957
2660,2019,174,242,medium,61,16,2015,1,43648.8107887503
2661,2020,174,242,medium,62,17,2015,1,44709.86031544679
2662,2010,155,243,medium,38,9,2017,0,33894.45643650677
2663,2011,155,243,medium,39,10,2017,0,31303.3039915516
2664,2012,155,243,medium,40,11,2017,0,34626.412584198246
2665,2013,155,243,medium,41,12,2017,0,31465.72438707951
2666,2014,155,243,medium,42,13,2017,0,36396.34842533334
2667,2015,155,243,medium,43,14,2017,0,32734.953370462983
2668,2016,155,243,medium,44,15,2017,0,36804.59987535905
2669,2017,155,243,medium,45,16,2017,1,42451.261867292
2670,2018,155,243,medium,46,17,2017,1,40306.45636314085
2671,2019,155,243,medium,47,18,2017,1,43364.05313416945
2672,2020,155,243,medium,48,19,2017,1,43220.88452666711
2673,2010,116,244,medium,49,1,2012,0,33322.31628761452
2674,2011,116,244,medium,50,2,2012,0,32882.890631847586
2675,2012,116,244,medium,51,3,2012,1,36474.74861665484
2676,2013,116,244,medium,52,4,2012,1,41599.300094599384
2677,2014,116,244,medium,53,5,2012,1,38270.39445727589
2678,2015,116,244,medium,54,6,2012,1,42090.688398882616
2679,2016,116,244,medium,55,7,2012,1,41873.103567835504
2680,2017,116,244,medium,56,8,2012,1,44258.28555087639
2681,2018,116,244,medium,57,9,2012,1,42795.90900102027
2682,2019,116,244,medium,58,10,2012,1,43241.104427305814
2683,2020,116,244,medium,59,11,2012,1,45863.74140857659
2684,2010,137,245,medium,41,7,2018,0,33870.116058168234
2685,2011,137,245,medium,42,8,2018,0,34332.31191436556
2686,2012,137,245,medium,43,9,2018,0,35138.53517961705
2687,2013,137,245,medium,44,10,2018,0,31628.855753585787
2688,2014,137,245,medium,45,11,2018,0,36713.57735997396
2689,2015,137,245,medium,46,12,2018,0,36924.937588027205
2690,2016,137,245,medium,47,13,2018,0,34166.63374284701
2691,2017,137,245,medium,48,14,2018,0,36211.839052651594
2692,2018,137,245,medium,49,15,2018,1,42121.38542474474
2693,2019,137,245,medium,50,16,2018,1,42431.00643119653
2694,2020,137,245,medium,51,17,2018,1,43867.71993313707
2695,2010,123,246,medium,53,8,2015,0,39862.73356366237
2696,2011,123,246,medium,54,9,2015,0,39663.533455345656
2697,2012,123,246,medium,55,10,2015,0,35375.561613137186
2698,2013,123,246,medium,56,11,2015,0,39744.1399806121
2699,2014,123,246,medium,57,12,2015,0,41657.86663907082
2700,2015,123,246,medium,58,13,2015,1,45273.617041378406
2701,2016,123,246,medium,59,14,2015,1,47181.960850371936
2702,2017,123,246,medium,60,15,2015,1,49524.54089140153
2703,2018,123,246,medium,61,16,2015,1,48047.41909221396
2704,2019,123,246,medium,62,17,2015,1,46998.617191283454
2705,2020,123,246,medium,63,18,2015,1,49090.17694816951
2706,2010,168,247,medium,45,3,2012,0,33889.77566619378
2707,2011,168,247,medium,46,4,2012,0,34147.80608656991
2708,2012,168,247,medium,47,5,2012,1,38897.17152857254
2709,2013,168,247,medium,48,6,2012,1,43226.82671766422
2710,2014,168,247,medium,49,7,2012,1,38963.142668115994
2711,2015,168,247,medium,50,8,2012,1,44164.73544935623
2712,2016,168,247,medium,51,9,2012,1,42599.72824748074
2713,2017,168,247,medium,52,10,2012,1,39301.387650396115
2714,2018,168,247,medium,53,11,2012,1,43335.29858598284
2715,2019,168,247,medium,54,12,2012,1,38899.946984696755
2716,2020,168,247,medium,55,13,2012,1,44851.01603366207
2717,2010,197,248,medium,32,4,2012,0,31670.462965977982
2718,2011,197,248,medium,33,5,2012,0,29215.288088695892
2719,2012,197,248,medium,34,6,2012,1,36147.09539191116
2720,2013,197,248,medium,35,7,2012,1,40308.31486750057
2721,2014,197,248,medium,36,8,2012,1,35888.50659147613
2722,2015,197,248,medium,37,9,2012,1,35282.1848258868
2723,2016,197,248,medium,38,10,2012,1,40863.3268049252
2724,2017,197,248,medium,39,11,2012,1,42325.17438106159
2725,2018,197,248,medium,40,12,2012,1,38907.391343695694
2726,2019,197,248,medium,41,13,2012,1,41422.92607081671
2727,2020,197,248,medium,42,14,2012,1,42582.951831061764
2728,2010,169,249,high,39,6,2012,0,33915.03153492323
2729,2011,169,249,high,40,7,2012,0,34929.388329264264
2730,2012,169,249,high,41,8,2012,1,43861.74902630947
2731,2013,169,249,high,42,9,2012,1,45270.02855741702
2732,2014,169,249,high,43,10,2012,1,43525.76172034871
2733,2015,169,249,high,44,11,2012,1,41140.37129299589
2734,2016,169,249,high,45,12,2012,1,47374.12222339888
2735,2017,169,249,high,46,13,2012,1,42838.05820437607
2736,2018,169,249,high,47,14,2012,1,43729.724437657096
2737,2019,169,249,high,48,15,2012,1,45584.675668979246
2738,2020,169,249,high,49,16,2012,1,48508.32084142955
2739,2010,185,250,medium,51,7,2017,0,37907.95195310445
2740,2011,185,250,medium,52,8,2017,0,37529.73100072382
2741,2012,185,250,medium,53,9,2017,0,38126.57706023621
2742,2013,185,250,medium,54,10,2017,0,37787.029337286935
2743,2014,185,250,medium,55,11,2017,0,39316.27902903701
2744,2015,185,250,medium,56,12,2017,0,33640.879844611394
2745,2016,185,250,medium,57,13,2017,0,38606.785081860406
2746,2017,185,250,medium,58,14,2017,1,45182.64386983356
2747,2018,185,250,medium,59,15,2017,1,42897.97183276099
2748,2019,185,250,medium,60,16,2017,1,46472.64663562312
2749,2020,185,250,medium,61,17,2017,1,45791.05755802776
2750,2010,110,251,low,38,4,2016,0,33210.95139663098
2751,2011,110,251,low,39,5,2016,0,33346.039450429715
2752,2012,110,251,low,40,6,2016,0,29768.388861763673
2753,2013,110,251,low,41,7,2016,0,30898.32457686661
2754,2014,110,251,low,42,8,2016,0,31552.104868783215
2755,2015,110,251,low,43,9,2016,0,31296.681047680755
2756,2016,110,251,low,44,10,2016,1,38090.04996805626
2757,2017,110,251,low,45,11,2016,1,36683.43586222482
2758,2018,110,251,low,46,12,2016,1,36438.769330124946
2759,2019,110,251,low,47,13,2016,1,40445.422447800534
2760,2020,110,251,low,48,14,2016,1,40959.05916844362
2761,2010,115,252,medium,42,8,2017,0,32091.368480680016
2762,2011,115,252,medium,43,9,2017,0,35990.7108615252
2763,2012,115,252,medium,44,10,2017,0,33436.844541669336
2764,2013,115,252,medium,45,11,2017,0,35706.330476075964
2765,2014,115,252,medium,46,12,2017,0,37340.68802522491
2766,2015,115,252,medium,47,13,2017,0,36132.77487059258
2767,2016,115,252,medium,48,14,2017,0,37609.481824282266
2768,2017,115,252,medium,49,15,2017,1,41167.14071222486
2769,2018,115,252,medium,50,16,2017,1,42307.06683314381
2770,2019,115,252,medium,51,17,2017,1,42788.28113823932
2771,2020,115,252,medium,52,18,2017,1,42206.84330691952
2772,2010,196,253,medium,44,5,2013,0,33346.45167376844
2773,2011,196,253,medium,45,6,2013,0,31102.763402272507
2774,2012,196,253,medium,46,7,2013,0,33717.69250571579
2775,2013,196,253,medium,47,8,2013,1,39630.24901326066
2776,2014,196,253,medium,48,9,2013,1,40187.64049500924
2777,2015,196,253,medium,49,10,2013,1,40717.00510825844
2778,2016,196,253,medium,50,11,2013,1,41576.47160027974
2779,2017,196,253,medium,51,12,2013,1,43158.88303617213
2780,2018,196,253,medium,52,13,2013,1,44449.03414826505
2781,2019,196,253,medium,53,14,2013,1,41900.469546303466
2782,2020,196,253,medium,54,15,2013,1,41293.598289221714
2783,2010,172,254,medium,31,1,2015,0,26915.911175513793
2784,2011,172,254,medium,32,2,2015,0,28525.594157610147
2785,2012,172,254,medium,33,3,2015,0,29296.157364366984
2786,2013,172,254,medium,34,4,2015,0,28960.007867605087
2787,2014,172,254,medium,35,5,2015,0,28407.766671500212
2788,2015,172,254,medium,36,6,2015,1,35587.758345051625
2789,2016,172,254,medium,37,7,2015,1,37362.853240227945
2790,2017,172,254,medium,38,8,2015,1,38690.05893167113
2791,2018,172,254,medium,39,9,2015,1,36885.15389378336
2792,2019,172,254,medium,40,10,2015,1,37674.00435571313
2793,2020,172,254,medium,41,11,2015,1,37146.60338230538
2794,2010,158,255,medium,27,4,2016,0,28337.121659250446
2795,2011,158,255,medium,28,5,2016,0,27203.14273161837
2796,2012,158,255,medium,29,6,2016,0,30546.2556264824
2797,2013,158,255,medium,30,7,2016,0,26328.267016131776
2798,2014,158,255,medium,31,8,2016,0,29680.740655095076
2799,2015,158,255,medium,32,9,2016,0,31502.214678383483
2800,2016,158,255,medium,33,10,2016,1,36767.66903264501
2801,2017,158,255,medium,34,11,2016,1,42286.06732796099
2802,2018,158,255,medium,35,12,2016,1,38099.60004913581
2803,2019,158,255,medium,36,13,2016,1,35891.890806315976
2804,2020,158,255,medium,37,14,2016,1,38209.071505821856
2805,2010,169,256,medium,53,3,2016,0,32447.507333067097
2806,2011,169,256,medium,54,4,2016,0,36338.80050140648
2807,2012,169,256,medium,55,5,2016,0,35333.88788599848
2808,2013,169,256,medium,56,6,2016,0,39330.780551120326
2809,2014,169,256,medium,57,7,2016,0,36900.91945080893
2810,2015,169,256,medium,58,8,2016,0,38266.468168409505
2811,2016,169,256,medium,59,9,2016,1,42728.884317191194
2812,2017,169,256,medium,60,10,2016,1,47977.702703706665
2813,2018,169,256,medium,61,11,2016,1,44357.51446776418
2814,2019,169,256,medium,62,12,2016,1,49165.114086958405
2815,2020,169,256,medium,63,13,2016,1,47628.30352423653
2816,2010,179,257,medium,36,9,2016,0,33064.13345467077
2817,2011,179,257,medium,37,10,2016,0,33337.466294635036
2818,2012,179,257,medium,38,11,2016,0,33887.5945964325
2819,2013,179,257,medium,39,12,2016,0,29744.65484130878
2820,2014,179,257,medium,40,13,2016,0,33542.23321169848
2821,2015,179,257,medium,41,14,2016,0,36290.315942368645
2822,2016,179,257,medium,42,15,2016,1,40002.20563305179
2823,2017,179,257,medium,43,16,2016,1,37789.62030639285
2824,2018,179,257,medium,44,17,2016,1,40995.19109884506
2825,2019,179,257,medium,45,18,2016,1,45008.21103251098
2826,2020,179,257,medium,46,19,2016,1,44593.78343106944
2827,2010,192,258,low,45,8,2018,0,32475.991981267936
2828,2011,192,258,low,46,9,2018,0,35002.898554116175
2829,2012,192,258,low,47,10,2018,0,32866.9859592639
2830,2013,192,258,low,48,11,2018,0,30692.256826346562
2831,2014,192,258,low,49,12,2018,0,32751.068023740892
2832,2015,192,258,low,50,13,2018,0,38225.777537016394
2833,2016,192,258,low,51,14,2018,0,35052.01383634139
2834,2017,192,258,low,52,15,2018,0,35613.23204124996
2835,2018,192,258,low,53,16,2018,1,41000.32360745024
2836,2019,192,258,low,54,17,2018,1,45908.27317914601
2837,2020,192,258,low,55,18,2018,1,45851.91783072412
2838,2010,102,259,medium,48,1,2016,0,38537.56046689627
2839,2011,102,259,medium,49,2,2016,0,34281.9095791999
2840,2012,102,259,medium,50,3,2016,0,35691.24897749419
2841,2013,102,259,medium,51,4,2016,0,32566.71490115842
2842,2014,102,259,medium,52,5,2016,0,39053.86885223655
2843,2015,102,259,medium,53,6,2016,0,34264.44089746413
2844,2016,102,259,medium,54,7,2016,1,42533.55112752526
2845,2017,102,259,medium,55,8,2016,1,40405.39494473431
2846,2018,102,259,medium,56,9,2016,1,41922.26634652261
2847,2019,102,259,medium,57,10,2016,1,41925.4751379006
2848,2020,102,259,medium,58,11,2016,1,42884.249478648366
2849,2010,119,260,low,52,6,2017,0,33221.75459370204
2850,2011,119,260,low,53,7,2017,0,33703.46241014985
2851,2012,119,260,low,54,8,2017,0,36966.667823560616
2852,2013,119,260,low,55,9,2017,0,33590.27441387496
2853,2014,119,260,low,56,10,2017,0,36741.082854027736
2854,2015,119,260,low,57,11,2017,0,39235.918304611114
2855,2016,119,260,low,58,12,2017,0,36273.60727097321
2856,2017,119,260,low,59,13,2017,1,41364.162218504796
2857,2018,119,260,low,60,14,2017,1,42838.9507496395
2858,2019,119,260,low,61,15,2017,1,46159.45041672142
2859,2020,119,260,low,62,16,2017,1,44688.21526190671
2860,2010,158,261,medium,50,9,2016,0,35237.5714107848
2861,2011,158,261,medium,51,10,2016,0,37767.75330237608
2862,2012,158,261,medium,52,11,2016,0,35095.415700327154
2863,2013,158,261,medium,53,12,2016,0,39162.719020885896
2864,2014,158,261,medium,54,13,2016,0,39117.214615403536
2865,2015,158,261,medium,55,14,2016,0,38184.38305772223
2866,2016,158,261,medium,56,15,2016,1,42622.82840310554
2867,2017,158,261,medium,57,16,2016,1,43026.63815543309
2868,2018,158,261,medium,58,17,2016,1,46369.63467269182
2869,2019,158,261,medium,59,18,2016,1,48257.961004978126
2870,2020,158,261,medium,60,19,2016,1,45025.38450594241
2871,2010,135,262,low,27,7,2014,0,27916.77340710297
2872,2011,135,262,low,28,8,2014,0,23325.945962795864
2873,2012,135,262,low,29,9,2014,0,26830.764538685602
2874,2013,135,262,low,30,10,2014,0,28437.882134258198
2875,2014,135,262,low,31,11,2014,1,32180.633166036332
2876,2015,135,262,low,32,12,2014,1,32626.987250420807
2877,2016,135,262,low,33,13,2014,1,33664.44088706223
2878,2017,135,262,low,34,14,2014,1,36084.385456652744
2879,2018,135,262,low,35,15,2014,1,35625.34196318725
2880,2019,135,262,low,36,16,2014,1,32023.537533350056
2881,2020,135,262,low,37,17,2014,1,32758.599694729866
2882,2010,118,263,high,44,4,2015,0,35286.26964428565
2883,2011,118,263,high,45,5,2015,0,37915.3731721071
2884,2012,118,263,high,46,6,2015,0,32004.99031454953
2885,2013,118,263,high,47,7,2015,0,37000.539647696736
2886,2014,118,263,high,48,8,2015,0,37447.50428696516
2887,2015,118,263,high,49,9,2015,1,46776.67555641689
2888,2016,118,263,high,50,10,2015,1,43729.95637657427
2889,2017,118,263,high,51,11,2015,1,45765.97796948186
2890,2018,118,263,high,52,12,2015,1,45782.514280174924
2891,2019,118,263,high,53,13,2015,1,41738.8670403856
2892,2020,118,263,high,54,14,2015,1,48036.414433263475
2893,2010,189,264,medium,38,1,2016,0,31530.793010912577
2894,2011,189,264,medium,39,2,2016,0,32616.53727934918
2895,2012,189,264,medium,40,3,2016,0,39952.475412872656
2896,2013,189,264,medium,41,4,2016,0,28431.774121002825
2897,2014,189,264,medium,42,5,2016,0,36549.39329952222
2898,2015,189,264,medium,43,6,2016,0,33025.104961199286
2899,2016,189,264,medium,44,7,2016,1,39674.65780880602
2900,2017,189,264,medium,45,8,2016,1,39508.97550939752
2901,2018,189,264,medium,46,9,2016,1,39251.527333203914
2902,2019,189,264,medium,47,10,2016,1,39460.33414352248
2903,2020,189,264,medium,48,11,2016,1,41759.01747114602
2904,2010,166,265,high,39,2,2015,0,31565.65260665664
2905,2011,166,265,high,40,3,2015,0,36601.15833504353
2906,2012,166,265,high,41,4,2015,0,34767.611190229494
2907,2013,166,265,high,42,5,2015,0,33839.861321919285
2908,2014,166,265,high,43,6,2015,0,35699.97428400837
2909,2015,166,265,high,44,7,2015,1,44614.29843372515
2910,2016,166,265,high,45,8,2015,1,41529.32982596755
2911,2017,166,265,high,46,9,2015,1,43816.90723641924
2912,2018,166,265,high,47,10,2015,1,42138.08744856905
2913,2019,166,265,high,48,11,2015,1,45615.84369984724
2914,2020,166,265,high,49,12,2015,1,45971.01547758041
2915,2010,118,266,high,49,5,2014,0,41897.21766659282
2916,2011,118,266,high,50,6,2014,0,38348.87210900157
2917,2012,118,266,high,51,7,2014,0,40537.30960951581
2918,2013,118,266,high,52,8,2014,0,39896.13507907789
2919,2014,118,266,high,53,9,2014,1,47791.74356372603
2920,2015,118,266,high,54,10,2014,1,44262.33522478254
2921,2016,118,266,high,55,11,2014,1,47690.01062575456
2922,2017,118,266,high,56,12,2014,1,46310.605407766634
2923,2018,118,266,high,57,13,2014,1,47071.623645783
2924,2019,118,266,high,58,14,2014,1,47883.50496889675
2925,2020,118,266,high,59,15,2014,1,48704.480792853356
2926,2010,119,267,high,54,5,2014,0,39467.54191375608
2927,2011,119,267,high,55,6,2014,0,40629.42636634105
2928,2012,119,267,high,56,7,2014,0,43856.23611512437
2929,2013,119,267,high,57,8,2014,0,43170.89937123044
2930,2014,119,267,high,58,9,2014,1,48438.30918499379
2931,2015,119,267,high,59,10,2014,1,46288.92094795226
2932,2016,119,267,high,60,11,2014,1,45921.51834354335
2933,2017,119,267,high,61,12,2014,1,50110.601116475504
2934,2018,119,267,high,62,13,2014,1,50452.093585059585
2935,2019,119,267,high,63,14,2014,1,52145.341351501964
2936,2020,119,267,high,64,15,2014,1,48492.03874806154
2937,2010,195,268,high,38,8,2015,0,35040.902689279304
2938,2011,195,268,high,39,9,2015,0,32721.031674949132
2939,2012,195,268,high,40,10,2015,0,35715.05778787826
2940,2013,195,268,high,41,11,2015,0,38993.141021158895
2941,2014,195,268,high,42,12,2015,0,36567.0092415436
2942,2015,195,268,high,43,13,2015,1,44280.959590401646
2943,2016,195,268,high,44,14,2015,1,43118.99378800438
2944,2017,195,268,high,45,15,2015,1,44648.11405644312
2945,2018,195,268,high,46,16,2015,1,42204.617220368666
2946,2019,195,268,high,47,17,2015,1,45170.4188992678
2947,2020,195,268,high,48,18,2015,1,39517.728058198554
2948,2010,170,269,medium,31,6,2012,0,29626.20768367603
2949,2011,170,269,medium,32,7,2012,0,27239.05351256972
2950,2012,170,269,medium,33,8,2012,1,38411.98903309363
2951,2013,170,269,medium,34,9,2012,1,38054.814705529025
2952,2014,170,269,medium,35,10,2012,1,37933.341963932166
2953,2015,170,269,medium,36,11,2012,1,40542.01245431876
2954,2016,170,269,medium,37,12,2012,1,36102.166958350324
2955,2017,170,269,medium,38,13,2012,1,41994.726395831116
2956,2018,170,269,medium,39,14,2012,1,40864.38312852077
2957,2019,170,269,medium,40,15,2012,1,39026.889425562105
2958,2020,170,269,medium,41,16,2012,1,42271.24029436589
2959,2010,151,270,medium,41,8,2013,0,31187.412975176732
2960,2011,151,270,medium,42,9,2013,0,32250.971676944653
2961,2012,151,270,medium,43,10,2013,0,33182.8205535206
2962,2013,151,270,medium,44,11,2013,1,38842.04458387197
2963,2014,151,270,medium,45,12,2013,1,38286.88471447949
2964,2015,151,270,medium,46,13,2013,1,43346.16613419065
2965,2016,151,270,medium,47,14,2013,1,40882.29119926033
2966,2017,151,270,medium,48,15,2013,1,42605.00993671376
2967,2018,151,270,medium,49,16,2013,1,41259.29726717264
2968,2019,151,270,medium,50,17,2013,1,39258.79339890296
2969,2020,151,270,medium,51,18,2013,1,43940.114716782846
2970,2010,132,271,low,54,2,2018,0,30275.490049160446
2971,2011,132,271,low,55,3,2018,0,34462.73190782906
2972,2012,132,271,low,56,4,2018,0,32363.36992233438
2973,2013,132,271,low,57,5,2018,0,39574.55199846162
2974,2014,132,271,low,58,6,2018,0,37922.725444349446
2975,2015,132,271,low,59,7,2018,0,36811.50758254296
2976,2016,132,271,low,60,8,2018,0,39627.413355309334
2977,2017,132,271,low,61,9,2018,0,35907.36804506853
2978,2018,132,271,low,62,10,2018,1,44186.95875734019
2979,2019,132,271,low,63,11,2018,1,43999.62086743743
2980,2020,132,271,low,64,12,2018,1,44628.04016266734
2981,2010,139,272,low,36,3,2012,0,31444.707000213537
2982,2011,139,272,low,37,4,2012,0,30864.984205559605
2983,2012,139,272,low,38,5,2012,1,35477.44732565005
2984,2013,139,272,low,39,6,2012,1,32090.225127543406
2985,2014,139,272,low,40,7,2012,1,33979.907409441075
2986,2015,139,272,low,41,8,2012,1,36154.58213280855
2987,2016,139,272,low,42,9,2012,1,37086.744748553305
2988,2017,139,272,low,43,10,2012,1,35139.59255065215
2989,2018,139,272,low,44,11,2012,1,42723.35335115684
2990,2019,139,272,low,45,12,2012,1,41432.78811050714
2991,2020,139,272,low,46,13,2012,1,40104.23664078497
2992,2010,138,273,medium,44,6,2012,0,34044.07372256749
2993,2011,138,273,medium,45,7,2012,0,33975.582060197696
2994,2012,138,273,medium,46,8,2012,1,37996.16307995553
2995,2013,138,273,medium,47,9,2012,1,40554.96103703773
2996,2014,138,273,medium,48,10,2012,1,41415.505080285504
2997,2015,138,273,medium,49,11,2012,1,38916.47884903675
2998,2016,138,273,medium,50,12,2012,1,42568.35283448979
2999,2017,138,273,medium,51,13,2012,1,42089.481902350504
3000,2018,138,273,medium,52,14,2012,1,39084.38488424522
3001,2019,138,273,medium,53,15,2012,1,41679.229978441
3002,2020,138,273,medium,54,16,2012,1,43072.78893315671
3003,2010,181,274,medium,28,3,2017,0,32275.37531468038
3004,2011,181,274,medium,29,4,2017,0,30113.106249067518
3005,2012,181,274,medium,30,5,2017,0,26829.036861800218
3006,2013,181,274,medium,31,6,2017,0,30972.072578835276
3007,2014,181,274,medium,32,7,2017,0,27405.39202212327
3008,2015,181,274,medium,33,8,2017,0,33165.382107774145
3009,2016,181,274,medium,34,9,2017,0,30557.750696364245
3010,2017,181,274,medium,35,10,2017,1,36812.727622521656
3011,2018,181,274,medium,36,11,2017,1,40151.59329508438
3012,2019,181,274,medium,37,12,2017,1,35425.6728628315
3013,2020,181,274,medium,38,13,2017,1,35705.76362977402
3014,2010,100,275,medium,33,6,2018,0,29432.80134730799
3015,2011,100,275,medium,34,7,2018,0,33176.75770203863
3016,2012,100,275,medium,35,8,2018,0,28561.307849046316
3017,2013,100,275,medium,36,9,2018,0,26435.688803778863
3018,2014,100,275,medium,37,10,2018,0,31697.682283182003
3019,2015,100,275,medium,38,11,2018,0,34203.48159982184
3020,2016,100,275,medium,39,12,2018,0,36000.523499477655
3021,2017,100,275,medium,40,13,2018,0,33173.6772758292
3022,2018,100,275,medium,41,14,2018,1,38777.146785767996
3023,2019,100,275,medium,42,15,2018,1,42407.8014685115
3024,2020,100,275,medium,43,16,2018,1,36860.51660060916
3025,2010,110,276,medium,30,6,2018,0,28922.95844963398
3026,2011,110,276,medium,31,7,2018,0,30580.847779850115
3027,2012,110,276,medium,32,8,2018,0,31598.43744257007
3028,2013,110,276,medium,33,9,2018,0,30180.386613618233
3029,2014,110,276,medium,34,10,2018,0,31768.882023411683
3030,2015,110,276,medium,35,11,2018,0,27223.34529317402
3031,2016,110,276,medium,36,12,2018,0,31383.503175332302
3032,2017,110,276,medium,37,13,2018,0,34107.017425108934
3033,2018,110,276,medium,38,14,2018,1,36735.41193149064
3034,2019,110,276,medium,39,15,2018,1,39317.9684431792
3035,2020,110,276,medium,40,16,2018,1,40593.7450016054
3036,2010,191,277,high,40,2,2012,0,34214.90159828447
3037,2011,191,277,high,41,3,2012,0,35740.927541993144
3038,2012,191,277,high,42,4,2012,1,38974.534869430776
3039,2013,191,277,high,43,5,2012,1,40986.777440607904
3040,2014,191,277,high,44,6,2012,1,43120.43233917844
3041,2015,191,277,high,45,7,2012,1,42713.945921936865
3042,2016,191,277,high,46,8,2012,1,41726.93746087213
3043,2017,191,277,high,47,9,2012,1,43848.43280858159
3044,2018,191,277,high,48,10,2012,1,45329.21958127324
3045,2019,191,277,high,49,11,2012,1,40300.11744284505
3046,2020,191,277,high,50,12,2012,1,47218.148129911795
3047,2010,156,278,medium,49,7,2016,0,34927.490522637854
3048,2011,156,278,medium,50,8,2016,0,36950.97986648046
3049,2012,156,278,medium,51,9,2016,0,38994.493847290454
3050,2013,156,278,medium,52,10,2016,0,34356.65260553907
3051,2014,156,278,medium,53,11,2016,0,36181.11799514491
3052,2015,156,278,medium,54,12,2016,0,37522.90260824859
3053,2016,156,278,medium,55,13,2016,1,42032.49295775114
3054,2017,156,278,medium,56,14,2016,1,47569.873151673615
3055,2018,156,278,medium,57,15,2016,1,42886.455812346416
3056,2019,156,278,medium,58,16,2016,1,43988.906441026265
3057,2020,156,278,medium,59,17,2016,1,46008.77806320595
3058,2010,188,279,medium,52,2,2017,0,33095.70094784782
3059,2011,188,279,medium,53,3,2017,0,35208.63857648747
3060,2012,188,279,medium,54,4,2017,0,37134.90652250035
3061,2013,188,279,medium,55,5,2017,0,36334.27919123498
3062,2014,188,279,medium,56,6,2017,0,37313.22628220011
3063,2015,188,279,medium,57,7,2017,0,36941.33577510326
3064,2016,188,279,medium,58,8,2017,0,35471.059381638464
3065,2017,188,279,medium,59,9,2017,1,44643.186422678475
3066,2018,188,279,medium,60,10,2017,1,48009.86614329449
3067,2019,188,279,medium,61,11,2017,1,45036.80326156688
3068,2020,188,279,medium,62,12,2017,1,45950.5282344951
3069,2010,149,280,high,46,6,2017,0,38885.445510233716
3070,2011,149,280,high,47,7,2017,0,35461.3390069066
3071,2012,149,280,high,48,8,2017,0,41905.02931625921
3072,2013,149,280,high,49,9,2017,0,39404.6575928456
3073,2014,149,280,high,50,10,2017,0,42763.713798178214
3074,2015,149,280,high,51,11,2017,0,38533.93400895202
3075,2016,149,280,high,52,12,2017,0,44136.12384511565
3076,2017,149,280,high,53,13,2017,1,47550.31098806956
3077,2018,149,280,high,54,14,2017,1,47606.080171704714
3078,2019,149,280,high,55,15,2017,1,47468.048908706296
3079,2020,149,280,high,56,16,2017,1,47002.942763851104
3080,2010,122,281,high,46,1,2014,0,38901.063316947744
3081,2011,122,281,high,47,2,2014,0,37280.71973969609
3082,2012,122,281,high,48,3,2014,0,33565.860592825695
3083,2013,122,281,high,49,4,2014,0,35765.627076585995
3084,2014,122,281,high,50,5,2014,1,43128.3084956145
3085,2015,122,281,high,51,6,2014,1,44619.99796633111
3086,2016,122,281,high,52,7,2014,1,44386.82302220021
3087,2017,122,281,high,53,8,2014,1,47437.94157958733
3088,2018,122,281,high,54,9,2014,1,41597.79627192275
3089,2019,122,281,high,55,10,2014,1,46287.17587301032
3090,2020,122,281,high,56,11,2014,1,42864.04154922569
3091,2010,130,282,medium,45,3,2018,0,35119.42459096834
3092,2011,130,282,medium,46,4,2018,0,33911.08257111599
3093,2012,130,282,medium,47,5,2018,0,35439.219944048236
3094,2013,130,282,medium,48,6,2018,0,33372.23407882047
3095,2014,130,282,medium,49,7,2018,0,38158.929863315505
3096,2015,130,282,medium,50,8,2018,0,38183.449328117706
3097,2016,130,282,medium,51,9,2018,0,37767.088606023775
3098,2017,130,282,medium,52,10,2018,0,36840.96550627312
3099,2018,130,282,medium,53,11,2018,1,43759.714570590266
3100,2019,130,282,medium,54,12,2018,1,41686.2148640253
3101,2020,130,282,medium,55,13,2018,1,45311.111318041425
3102,2010,193,283,high,45,2,2012,0,39698.961788647845
3103,2011,193,283,high,46,3,2012,0,39041.22111995837
3104,2012,193,283,high,47,4,2012,1,40940.79506038518
3105,2013,193,283,high,48,5,2012,1,43622.834634546205
3106,2014,193,283,high,49,6,2012,1,40813.716912482705
3107,2015,193,283,high,50,7,2012,1,45044.780622351354
3108,2016,193,283,high,51,8,2012,1,45301.20682572508
3109,2017,193,283,high,52,9,2012,1,41160.36732093567
3110,2018,193,283,high,53,10,2012,1,43076.432312175275
3111,2019,193,283,high,54,11,2012,1,45333.722206512466
3112,2020,193,283,high,55,12,2012,1,45798.28050571835
3113,2010,141,284,high,26,7,2014,0,29281.04612916239
3114,2011,141,284,high,27,8,2014,0,32977.95745870437
3115,2012,141,284,high,28,9,2014,0,33202.947217881025
3116,2013,141,284,high,29,10,2014,0,32811.46173604296
3117,2014,141,284,high,30,11,2014,1,37188.41699968327
3118,2015,141,284,high,31,12,2014,1,41297.41425283313
3119,2016,141,284,high,32,13,2014,1,43010.81422617659
3120,2017,141,284,high,33,14,2014,1,39232.877032306926
3121,2018,141,284,high,34,15,2014,1,39475.66616569036
3122,2019,141,284,high,35,16,2014,1,42182.41533082399
3123,2020,141,284,high,36,17,2014,1,40983.94124050603
3124,2010,198,285,high,48,4,2015,0,37421.20559867353
3125,2011,198,285,high,49,5,2015,0,39679.306303449346
3126,2012,198,285,high,50,6,2015,0,34881.28782498541
3127,2013,198,285,high,51,7,2015,0,41836.60464970534
3128,2014,198,285,high,52,8,2015,0,39845.361048658684
3129,2015,198,285,high,53,9,2015,1,44377.01371087564
3130,2016,198,285,high,54,10,2015,1,45521.5316915571
3131,2017,198,285,high,55,11,2015,1,46124.85871004104
3132,2018,198,285,high,56,12,2015,1,43237.59739311015
3133,2019,198,285,high,57,13,2015,1,50189.87645490647
3134,2020,198,285,high,58,14,2015,1,47782.65126454124
3135,2010,106,286,low,32,8,2013,0,29586.00426089475
3136,2011,106,286,low,33,9,2013,0,31103.099541148087
3137,2012,106,286,low,34,10,2013,0,27657.6750848794
3138,2013,106,286,low,35,11,2013,1,36146.94379807045
3139,2014,106,286,low,36,12,2013,1,35164.717818202414
3140,2015,106,286,low,37,13,2013,1,37893.54155043299
3141,2016,106,286,low,38,14,2013,1,32445.54515929701
3142,2017,106,286,low,39,15,2013,1,37001.811399517464
3143,2018,106,286,low,40,16,2013,1,36494.358688432076
3144,2019,106,286,low,41,17,2013,1,39064.52590126831
3145,2020,106,286,low,42,18,2013,1,39640.088374736406
3146,2010,115,287,medium,35,6,2017,0,29784.74821035595
3147,2011,115,287,medium,36,7,2017,0,30275.652271647912
3148,2012,115,287,medium,37,8,2017,0,31978.66926288534
3149,2013,115,287,medium,38,9,2017,0,30906.715545369585
3150,2014,115,287,medium,39,10,2017,0,34883.967390904254
3151,2015,115,287,medium,40,11,2017,0,32961.58559910511
3152,2016,115,287,medium,41,12,2017,0,28386.023561356717
3153,2017,115,287,medium,42,13,2017,1,38950.355886756384
3154,2018,115,287,medium,43,14,2017,1,38122.91235831205
3155,2019,115,287,medium,44,15,2017,1,37437.448369078105
3156,2020,115,287,medium,45,16,2017,1,38725.146723554855
3157,2010,189,288,medium,37,4,2015,0,31618.81694366594
3158,2011,189,288,medium,38,5,2015,0,34557.28165649646
3159,2012,189,288,medium,39,6,2015,0,33026.36894772996
3160,2013,189,288,medium,40,7,2015,0,31686.99322356852
3161,2014,189,288,medium,41,8,2015,0,34311.80839034141
3162,2015,189,288,medium,42,9,2015,1,37981.81937956202
3163,2016,189,288,medium,43,10,2015,1,38010.79926167371
3164,2017,189,288,medium,44,11,2015,1,37591.27466353403
3165,2018,189,288,medium,45,12,2015,1,36896.34238649656
3166,2019,189,288,medium,46,13,2015,1,40120.15258688111
3167,2020,189,288,medium,47,14,2015,1,41716.10697984026
3168,2010,159,289,low,41,5,2015,0,30606.75265997022
3169,2011,159,289,low,42,6,2015,0,30468.066144105283
3170,2012,159,289,low,43,7,2015,0,29908.507878606437
3171,2013,159,289,low,44,8,2015,0,33516.492383369936
3172,2014,159,289,low,45,9,2015,0,30165.73616010683
3173,2015,159,289,low,46,10,2015,1,39852.05582768695
3174,2016,159,289,low,47,11,2015,1,36795.56596214655
3175,2017,159,289,low,48,12,2015,1,37795.12952529393
3176,2018,159,289,low,49,13,2015,1,36866.42961876865
3177,2019,159,289,low,50,14,2015,1,39297.195706228726
3178,2020,159,289,low,51,15,2015,1,42750.62491695596
3179,2010,101,290,medium,32,9,2016,0,31931.256176887913
3180,2011,101,290,medium,33,10,2016,0,33356.84422405607
3181,2012,101,290,medium,34,11,2016,0,32944.285091867874
3182,2013,101,290,medium,35,12,2016,0,30192.660342939264
3183,2014,101,290,medium,36,13,2016,0,32238.421551344887
3184,2015,101,290,medium,37,14,2016,0,31839.601741765073
3185,2016,101,290,medium,38,15,2016,1,41561.14980807808
3186,2017,101,290,medium,39,16,2016,1,37006.42270714738
3187,2018,101,290,medium,40,17,2016,1,41687.39537877822
3188,2019,101,290,medium,41,18,2016,1,42185.90774021754
3189,2020,101,290,medium,42,19,2016,1,44559.24040343217
3190,2010,100,291,medium,45,7,2013,0,33580.62681474101
3191,2011,100,291,medium,46,8,2013,0,36324.644319160325
3192,2012,100,291,medium,47,9,2013,0,39963.30367307769
3193,2013,100,291,medium,48,10,2013,1,39664.716646132605
3194,2014,100,291,medium,49,11,2013,1,38329.91950493528
3195,2015,100,291,medium,50,12,2013,1,38139.97993218447
3196,2016,100,291,medium,51,13,2013,1,43825.42405772266
3197,2017,100,291,medium,52,14,2013,1,39133.69958388283
3198,2018,100,291,medium,53,15,2013,1,42655.36189412415
3199,2019,100,291,medium,54,16,2013,1,44774.626374077925
3200,2020,100,291,medium,55,17,2013,1,44770.351073659825
3201,2010,147,292,high,42,9,2015,0,37750.88972836835
3202,2011,147,292,high,43,10,2015,0,37844.579711601706
3203,2012,147,292,high,44,11,2015,0,40457.73162662679
3204,2013,147,292,high,45,12,2015,0,36495.367238522405
3205,2014,147,292,high,46,13,2015,0,37546.009723082934
3206,2015,147,292,high,47,14,2015,1,42854.68110945835
3207,2016,147,292,high,48,15,2015,1,46560.38362372522
3208,2017,147,292,high,49,16,2015,1,47200.797176790125
3209,2018,147,292,high,50,17,2015,1,46802.45063863702
3210,2019,147,292,high,51,18,2015,1,48766.987333779856
3211,2020,147,292,high,52,19,2015,1,44543.91826524724
3212,2010,111,293,low,54,7,2015,0,38434.44822310227
3213,2011,111,293,low,55,8,2015,0,38646.47724342452
3214,2012,111,293,low,56,9,2015,0,37571.243994491495
3215,2013,111,293,low,57,10,2015,0,40163.59781754212
3216,2014,111,293,low,58,11,2015,0,33786.75358464445
3217,2015,111,293,low,59,12,2015,1,41551.1037274747
3218,2016,111,293,low,60,13,2015,1,41629.393078636094
3219,2017,111,293,low,61,14,2015,1,45042.958647514686
3220,2018,111,293,low,62,15,2015,1,41999.71852079571
3221,2019,111,293,low,63,16,2015,1,46114.99029867497
3222,2020,111,293,low,64,17,2015,1,47841.072287993426
3223,2010,168,294,high,42,1,2013,0,36690.405800167995
3224,2011,168,294,high,43,2,2013,0,36367.502047323
3225,2012,168,294,high,44,3,2013,0,34324.2533181985
3226,2013,168,294,high,45,4,2013,1,40106.298067749274
3227,2014,168,294,high,46,5,2013,1,44799.23781059333
3228,2015,168,294,high,47,6,2013,1,44358.698007810664
3229,2016,168,294,high,48,7,2013,1,43221.96096124491
3230,2017,168,294,high,49,8,2013,1,42964.18090846822
3231,2018,168,294,high,50,9,2013,1,40248.38425377724
3232,2019,168,294,high,51,10,2013,1,42658.295162631126
3233,2020,168,294,high,52,11,2013,1,49122.838174279445
3234,2010,136,295,medium,38,8,2013,0,29939.088857995066
3235,2011,136,295,medium,39,9,2013,0,33378.95964244216
3236,2012,136,295,medium,40,10,2013,0,35514.887946390394
3237,2013,136,295,medium,41,11,2013,1,36490.15466399542
3238,2014,136,295,medium,42,12,2013,1,39869.42094956217
3239,2015,136,295,medium,43,13,2013,1,41875.83107502131
3240,2016,136,295,medium,44,14,2013,1,40524.9986438145
3241,2017,136,295,medium,45,15,2013,1,46736.806111333535
3242,2018,136,295,medium,46,16,2013,1,38162.80148224361
3243,2019,136,295,medium,47,17,2013,1,44117.45705976776
3244,2020,136,295,medium,48,18,2013,1,42154.39652520707
3245,2010,131,296,medium,39,4,2015,0,33543.84030967335
3246,2011,131,296,medium,40,5,2015,0,33382.61430339849
3247,2012,131,296,medium,41,6,2015,0,31533.687605780007
3248,2013,131,296,medium,42,7,2015,0,33957.99278491868
3249,2014,131,296,medium,43,8,2015,0,30284.197097203425
3250,2015,131,296,medium,44,9,2015,1,40706.495001142786
3251,2016,131,296,medium,45,10,2015,1,40596.316931981055
3252,2017,131,296,medium,46,11,2015,1,41777.320337286204
3253,2018,131,296,medium,47,12,2015,1,43116.2366501743
3254,2019,131,296,medium,48,13,2015,1,42235.23968041942
3255,2020,131,296,medium,49,14,2015,1,42296.178839596556
3256,2010,108,297,high,30,3,2013,0,30337.863326677416
3257,2011,108,297,high,31,4,2013,0,31175.558472701898
3258,2012,108,297,high,32,5,2013,0,35473.469240354665
3259,2013,108,297,high,33,6,2013,1,41472.670811411954
3260,2014,108,297,high,34,7,2013,1,38623.77912737589
3261,2015,108,297,high,35,8,2013,1,39692.00549450655
3262,2016,108,297,high,36,9,2013,1,38290.77125001247
3263,2017,108,297,high,37,10,2013,1,42945.51369053489
3264,2018,108,297,high,38,11,2013,1,42430.83364738356
3265,2019,108,297,high,39,12,2013,1,45482.4348729275
3266,2020,108,297,high,40,13,2013,1,40343.35384564052
3267,2010,198,298,medium,35,7,2015,0,30643.984201963565
3268,2011,198,298,medium,36,8,2015,0,32362.891845051145
3269,2012,198,298,medium,37,9,2015,0,33692.97907545154
3270,2013,198,298,medium,38,10,2015,0,32468.664724904735
3271,2014,198,298,medium,39,11,2015,0,31654.0778190926
3272,2015,198,298,medium,40,12,2015,1,40662.81505784714
3273,2016,198,298,medium,41,13,2015,1,40842.27072509116
3274,2017,198,298,medium,42,14,2015,1,38067.45179887255
3275,2018,198,298,medium,43,15,2015,1,43110.88560221099
3276,2019,198,298,medium,44,16,2015,1,43240.39741839321
3277,2020,198,298,medium,45,17,2015,1,41668.592994495586
3278,2010,118,299,medium,37,3,2015,0,31359.195724752073
3279,2011,118,299,medium,38,4,2015,0,32808.11554223181
3280,2012,118,299,medium,39,5,2015,0,30476.593859487482
3281,2013,118,299,medium,40,6,2015,0,32760.062958328166
3282,2014,118,299,medium,41,7,2015,0,28895.23291078164
3283,2015,118,299,medium,42,8,2015,1,40452.91129100587
3284,2016,118,299,medium,43,9,2015,1,36077.01355511628
3285,2017,118,299,medium,44,10,2015,1,42706.839656858
3286,2018,118,299,medium,45,11,2015,1,39539.7598120671
3287,2019,118,299,medium,46,12,2015,1,40276.66603613765
3288,2020,118,299,medium,47,13,2015,1,39944.53218783099
3289,2010,147,300,high,49,8,2016,0,38223.92225215585
3290,2011,147,300,high,50,9,2016,0,42137.06269029607
3291,2012,147,300,high,51,10,2016,0,34824.38268692984
3292,2013,147,300,high,52,11,2016,0,42853.930772176376
3293,2014,147,300,high,53,12,2016,0,41476.046962203414
3294,2015,147,300,high,54,13,2016,0,38885.95670428557
3295,2016,147,300,high,55,14,2016,1,44649.37521390153
3296,2017,147,300,high,56,15,2016,1,50652.78605441641
3297,2018,147,300,high,57,16,2016,1,45908.98624011454
3298,2019,147,300,high,58,17,2016,1,45993.29897880808
3299,2020,147,300,high,59,18,2016,1,51074.62908472946
3300,2010,179,301,medium,25,6,2012,0,28877.105752571828
3301,2011,179,301,medium,26,7,2012,0,26824.1488469272
3302,2012,179,301,medium,27,8,2012,1,34633.24995080924
3303,2013,179,301,medium,28,9,2012,1,32648.494632719445
3304,2014,179,301,medium,29,10,2012,1,37401.64279684521
3305,2015,179,301,medium,30,11,2012,1,37822.74192974627
3306,2016,179,301,medium,31,12,2012,1,37264.012397643884
3307,2017,179,301,medium,32,13,2012,1,37423.322122494035
3308,2018,179,301,medium,33,14,2012,1,40722.37624973475
3309,2019,179,301,medium,34,15,2012,1,37699.37265477645
3310,2020,179,301,medium,35,16,2012,1,35836.2517491584
3311,2010,102,302,low,52,5,2015,0,34998.94782566461
3312,2011,102,302,low,53,6,2015,0,38772.094099074224
3313,2012,102,302,low,54,7,2015,0,33070.4810136283
3314,2013,102,302,low,55,8,2015,0,34877.07446661203
3315,2014,102,302,low,56,9,2015,0,36932.89207620291
3316,2015,102,302,low,57,10,2015,1,41492.19030198852
3317,2016,102,302,low,58,11,2015,1,40135.39283924537
3318,2017,102,302,low,59,12,2015,1,44843.715712460944
3319,2018,102,302,low,60,13,2015,1,47740.08144403452
3320,2019,102,302,low,61,14,2015,1,43992.26291804782
3321,2020,102,302,low,62,15,2015,1,42291.863420527996
3322,2010,119,303,high,30,4,2014,0,29202.07894989305
3323,2011,119,303,high,31,5,2014,0,33315.95196244236
3324,2012,119,303,high,32,6,2014,0,35507.754686632514
3325,2013,119,303,high,33,7,2014,0,34750.335492990765
3326,2014,119,303,high,34,8,2014,1,39295.19231816229
3327,2015,119,303,high,35,9,2014,1,38621.45669642139
3328,2016,119,303,high,36,10,2014,1,38115.67273456382
3329,2017,119,303,high,37,11,2014,1,42469.50265264977
3330,2018,119,303,high,38,12,2014,1,43127.54324277117
3331,2019,119,303,high,39,13,2014,1,38708.540426618536
3332,2020,119,303,high,40,14,2014,1,45479.67795636137
3333,2010,123,304,medium,33,8,2017,0,32148.142441788004
3334,2011,123,304,medium,34,9,2017,0,34299.189290291586
3335,2012,123,304,medium,35,10,2017,0,29315.74450302977
3336,2013,123,304,medium,36,11,2017,0,29768.35168916912
3337,2014,123,304,medium,37,12,2017,0,32702.061380465406
3338,2015,123,304,medium,38,13,2017,0,34505.56885379039
3339,2016,123,304,medium,39,14,2017,0,37592.721645853926
3340,2017,123,304,medium,40,15,2017,1,40912.15782763026
3341,2018,123,304,medium,41,16,2017,1,39514.637446375935
3342,2019,123,304,medium,42,17,2017,1,38447.26158466822
3343,2020,123,304,medium,43,18,2017,1,43460.0011454383
3344,2010,153,305,medium,32,8,2018,0,28770.58914849857
3345,2011,153,305,medium,33,9,2018,0,34456.93710954464
3346,2012,153,305,medium,34,10,2018,0,31131.230700786982
3347,2013,153,305,medium,35,11,2018,0,35381.1641452357
3348,2014,153,305,medium,36,12,2018,0,34057.862580118555
3349,2015,153,305,medium,37,13,2018,0,32926.00902111508
3350,2016,153,305,medium,38,14,2018,0,32661.20725634775
3351,2017,153,305,medium,39,15,2018,0,33518.18424530784
3352,2018,153,305,medium,40,16,2018,1,40556.63338475047
3353,2019,153,305,medium,41,17,2018,1,40354.312992435436
3354,2020,153,305,medium,42,18,2018,1,39512.37718386259
3355,2010,132,306,medium,35,1,2012,0,29868.737179364736
3356,2011,132,306,medium,36,2,2012,0,30857.1540594383
3357,2012,132,306,medium,37,3,2012,1,31942.531811170375
3358,2013,132,306,medium,38,4,2012,1,37616.3362295774
3359,2014,132,306,medium,39,5,2012,1,35240.55755056639
3360,2015,132,306,medium,40,6,2012,1,35393.33519358851
3361,2016,132,306,medium,41,7,2012,1,34825.31130577858
3362,2017,132,306,medium,42,8,2012,1,35112.21500426422
3363,2018,132,306,medium,43,9,2012,1,36489.10499377542
3364,2019,132,306,medium,44,10,2012,1,38281.95808473902
3365,2020,132,306,medium,45,11,2012,1,44106.51827505314
3366,2010,123,307,high,46,9,2012,0,37048.24064820959
3367,2011,123,307,high,47,10,2012,0,38955.50021253606
3368,2012,123,307,high,48,11,2012,1,44900.96277301266
3369,2013,123,307,high,49,12,2012,1,44862.1303724317
3370,2014,123,307,high,50,13,2012,1,44945.11307854801
3371,2015,123,307,high,51,14,2012,1,43209.41247280151
3372,2016,123,307,high,52,15,2012,1,49001.85509655842
3373,2017,123,307,high,53,16,2012,1,50214.39328727577
3374,2018,123,307,high,54,17,2012,1,43734.68261175463
3375,2019,123,307,high,55,18,2012,1,45551.94281822724
3376,2020,123,307,high,56,19,2012,1,47540.37931524599
3377,2010,174,308,low,43,5,2012,0,29470.924410179618
3378,2011,174,308,low,44,6,2012,0,32911.93110691173
3379,2012,174,308,low,45,7,2012,1,35943.45559518677
3380,2013,174,308,low,46,8,2012,1,42230.112135613206
3381,2014,174,308,low,47,9,2012,1,40781.09718868719
3382,2015,174,308,low,48,10,2012,1,39325.14806126443
3383,2016,174,308,low,49,11,2012,1,41453.97252663947
3384,2017,174,308,low,50,12,2012,1,42111.800848714614
3385,2018,174,308,low,51,13,2012,1,39272.105023883516
3386,2019,174,308,low,52,14,2012,1,39267.56551091607
3387,2020,174,308,low,53,15,2012,1,41556.286125939296
3388,2010,171,309,high,48,4,2016,0,39423.27224899589
3389,2011,171,309,high,49,5,2016,0,38478.12079730684
3390,2012,171,309,high,50,6,2016,0,35546.00703561801
3391,2013,171,309,high,51,7,2016,0,37594.35111209832
3392,2014,171,309,high,52,8,2016,0,39552.05427281124
3393,2015,171,309,high,53,9,2016,0,40048.66879134834
3394,2016,171,309,high,54,10,2016,1,49645.084353579616
3395,2017,171,309,high,55,11,2016,1,43428.024115202
3396,2018,171,309,high,56,12,2016,1,47711.17848367175
3397,2019,171,309,high,57,13,2016,1,50178.22621665658
3398,2020,171,309,high,58,14,2016,1,52242.89949084559
3399,2010,135,310,medium,33,6,2015,0,29791.205153632076
3400,2011,135,310,medium,34,7,2015,0,32082.8589054404
3401,2012,135,310,medium,35,8,2015,0,32739.520714397295
3402,2013,135,310,medium,36,9,2015,0,32490.963463106582
3403,2014,135,310,medium,37,10,2015,0,32402.309597521387
3404,2015,135,310,medium,38,11,2015,1,38971.95077900009
3405,2016,135,310,medium,39,12,2015,1,33535.50782956063
3406,2017,135,310,medium,40,13,2015,1,40464.138980125266
3407,2018,135,310,medium,41,14,2015,1,39852.35580732393
3408,2019,135,310,medium,42,15,2015,1,39655.05020644347
3409,2020,135,310,medium,43,16,2015,1,44693.724391439115
3410,2010,137,311,low,41,6,2016,0,29650.131962418895
3411,2011,137,311,low,42,7,2016,0,30693.848021869937
3412,2012,137,311,low,43,8,2016,0,35983.10660440947
3413,2013,137,311,low,44,9,2016,0,30835.877390300288
3414,2014,137,311,low,45,10,2016,0,31899.769434126923
3415,2015,137,311,low,46,11,2016,0,33205.9491531383
3416,2016,137,311,low,47,12,2016,1,40681.4689642591
3417,2017,137,311,low,48,13,2016,1,39915.60501470663
3418,2018,137,311,low,49,14,2016,1,37414.74930569548
3419,2019,137,311,low,50,15,2016,1,39435.66287374562
3420,2020,137,311,low,51,16,2016,1,39785.29113357558
3421,2010,183,312,medium,36,2,2015,0,30545.55790955391
3422,2011,183,312,medium,37,3,2015,0,32051.687317259657
3423,2012,183,312,medium,38,4,2015,0,32536.411511775943
3424,2013,183,312,medium,39,5,2015,0,28647.976491903195
3425,2014,183,312,medium,40,6,2015,0,34827.88197512171
3426,2015,183,312,medium,41,7,2015,1,38705.137691993245
3427,2016,183,312,medium,42,8,2015,1,41469.064095187816
3428,2017,183,312,medium,43,9,2015,1,40088.396654581346
3429,2018,183,312,medium,44,10,2015,1,41902.64591547153
3430,2019,183,312,medium,45,11,2015,1,41133.09062290026
3431,2020,183,312,medium,46,12,2015,1,43392.451512405496
3432,2010,198,313,high,49,8,2016,0,39844.50127203556
3433,2011,198,313,high,50,9,2016,0,39104.169507114195
3434,2012,198,313,high,51,10,2016,0,44344.869440893766
3435,2013,198,313,high,52,11,2016,0,42078.074244559786
3436,2014,198,313,high,53,12,2016,0,41947.488842008825
3437,2015,198,313,high,54,13,2016,0,38747.39116692333
3438,2016,198,313,high,55,14,2016,1,44223.38476507292
3439,2017,198,313,high,56,15,2016,1,47885.4309642837
3440,2018,198,313,high,57,16,2016,1,48091.04239553648
3441,2019,198,313,high,58,17,2016,1,47071.754869983364
3442,2020,198,313,high,59,18,2016,1,49081.96539922412
3443,2010,188,314,medium,38,7,2016,0,35477.25385608719
3444,2011,188,314,medium,39,8,2016,0,34190.804949100595
3445,2012,188,314,medium,40,9,2016,0,31017.982980494522
3446,2013,188,314,medium,41,10,2016,0,33576.98234571411
3447,2014,188,314,medium,42,11,2016,0,32690.067038294877
3448,2015,188,314,medium,43,12,2016,0,34024.60016718288
3449,2016,188,314,medium,44,13,2016,1,39472.76866874071
3450,2017,188,314,medium,45,14,2016,1,39844.70883479199
3451,2018,188,314,medium,46,15,2016,1,38789.72925605321
3452,2019,188,314,medium,47,16,2016,1,41544.69063696362
3453,2020,188,314,medium,48,17,2016,1,41178.78472630538
3454,2010,198,315,low,39,1,2017,0,23541.102619995465
3455,2011,198,315,low,40,2,2017,0,34005.94404900332
3456,2012,198,315,low,41,3,2017,0,32577.539308433345
3457,2013,198,315,low,42,4,2017,0,30147.398550150006
3458,2014,198,315,low,43,5,2017,0,31437.638099481195
3459,2015,198,315,low,44,6,2017,0,29556.691305364875
3460,2016,198,315,low,45,7,2017,0,35791.44575562173
3461,2017,198,315,low,46,8,2017,1,41694.577389546226
3462,2018,198,315,low,47,9,2017,1,38713.38745649305
3463,2019,198,315,low,48,10,2017,1,40947.06128837069
3464,2020,198,315,low,49,11,2017,1,39750.57355786785
3465,2010,124,316,medium,40,5,2014,0,29826.54912224814
3466,2011,124,316,medium,41,6,2014,0,32176.353262072684
3467,2012,124,316,medium,42,7,2014,0,33763.85593354391
3468,2013,124,316,medium,43,8,2014,0,33090.90456251311
3469,2014,124,316,medium,44,9,2014,1,39062.69344512993
3470,2015,124,316,medium,45,10,2014,1,39817.20088498177
3471,2016,124,316,medium,46,11,2014,1,40338.243004269076
3472,2017,124,316,medium,47,12,2014,1,41104.516980994966
3473,2018,124,316,medium,48,13,2014,1,39378.7898672068
3474,2019,124,316,medium,49,14,2014,1,40565.96770174413
3475,2020,124,316,medium,50,15,2014,1,39930.83146860006
3476,2010,192,317,medium,46,6,2016,0,36455.631099372404
3477,2011,192,317,medium,47,7,2016,0,30788.70611631935
3478,2012,192,317,medium,48,8,2016,0,37807.18068663385
3479,2013,192,317,medium,49,9,2016,0,38772.698794525684
3480,2014,192,317,medium,50,10,2016,0,35895.63882603476
3481,2015,192,317,medium,51,11,2016,0,31793.7258243454
3482,2016,192,317,medium,52,12,2016,1,41777.37887606542
3483,2017,192,317,medium,53,13,2016,1,42871.63167742236
3484,2018,192,317,medium,54,14,2016,1,41478.80356014217
3485,2019,192,317,medium,55,15,2016,1,42969.56321238352
3486,2020,192,317,medium,56,16,2016,1,47560.390397726704
3487,2010,117,318,medium,46,4,2017,0,35429.85432460348
3488,2011,117,318,medium,47,5,2017,0,32750.8717712438
3489,2012,117,318,medium,48,6,2017,0,31904.801660809135
3490,2013,117,318,medium,49,7,2017,0,34945.96536478046
3491,2014,117,318,medium,50,8,2017,0,35673.08644129912
3492,2015,117,318,medium,51,9,2017,0,37592.39837472663
3493,2016,117,318,medium,52,10,2017,0,36029.36657486468
3494,2017,117,318,medium,53,11,2017,1,43622.99915072372
3495,2018,117,318,medium,54,12,2017,1,46970.308080120456
3496,2019,117,318,medium,55,13,2017,1,45231.002044888526
3497,2020,117,318,medium,56,14,2017,1,44003.822985338455
3498,2010,181,319,medium,52,2,2013,0,35133.69905789341
3499,2011,181,319,medium,53,3,2013,0,35286.65373164026
3500,2012,181,319,medium,54,4,2013,0,38861.28182490429
3501,2013,181,319,medium,55,5,2013,1,40745.373108097396
3502,2014,181,319,medium,56,6,2013,1,42590.44541799997
3503,2015,181,319,medium,57,7,2013,1,43102.39580376217
3504,2016,181,319,medium,58,8,2013,1,42496.43161437694
3505,2017,181,319,medium,59,9,2013,1,41255.0689042318
3506,2018,181,319,medium,60,10,2013,1,45145.94900723534
3507,2019,181,319,medium,61,11,2013,1,44877.99205628923
3508,2020,181,319,medium,62,12,2013,1,46500.48093887314
3509,2010,165,320,medium,44,4,2014,0,32432.799387121668
3510,2011,165,320,medium,45,5,2014,0,36441.642597626094
3511,2012,165,320,medium,46,6,2014,0,32746.45243757631
3512,2013,165,320,medium,47,7,2014,0,38424.08056803579
3513,2014,165,320,medium,48,8,2014,1,37004.726980343476
3514,2015,165,320,medium,49,9,2014,1,41869.54012911378
3515,2016,165,320,medium,50,10,2014,1,42450.86136505325
3516,2017,165,320,medium,51,11,2014,1,40408.88586411824
3517,2018,165,320,medium,52,12,2014,1,43348.787875722024
3518,2019,165,320,medium,53,13,2014,1,45559.03733952032
3519,2020,165,320,medium,54,14,2014,1,39066.36232129187
3520,2010,153,321,low,25,1,2016,0,26205.48961498163
3521,2011,153,321,low,26,2,2016,0,20713.458359339846
3522,2012,153,321,low,27,3,2016,0,24268.670392953583
3523,2013,153,321,low,28,4,2016,0,29958.332729801892
3524,2014,153,321,low,29,5,2016,0,26036.435933215893
3525,2015,153,321,low,30,6,2016,0,25352.240071182056
3526,2016,153,321,low,31,7,2016,1,32804.12454203064
3527,2017,153,321,low,32,8,2016,1,37835.81267632711
3528,2018,153,321,low,33,9,2016,1,30536.635505587947
3529,2019,153,321,low,34,10,2016,1,32597.38017672131
3530,2020,153,321,low,35,11,2016,1,38194.863366359255
3531,2010,134,322,medium,34,7,2018,0,34815.40468707547
3532,2011,134,322,medium,35,8,2018,0,31393.137551419433
3533,2012,134,322,medium,36,9,2018,0,29621.894594946716
3534,2013,134,322,medium,37,10,2018,0,36791.68700361832
3535,2014,134,322,medium,38,11,2018,0,36288.88478349839
3536,2015,134,322,medium,39,12,2018,0,34957.893975524465
3537,2016,134,322,medium,40,13,2018,0,32475.19530212516
3538,2017,134,322,medium,41,14,2018,0,34501.94131832392
3539,2018,134,322,medium,42,15,2018,1,39779.27983791034
3540,2019,134,322,medium,43,16,2018,1,41261.70260923116
3541,2020,134,322,medium,44,17,2018,1,44002.002876262675
3542,2010,179,323,medium,32,2,2012,0,31258.834082274807
3543,2011,179,323,medium,33,3,2012,0,27845.247846030485
3544,2012,179,323,medium,34,4,2012,1,38252.99290003908
3545,2013,179,323,medium,35,5,2012,1,36626.26428002631
3546,2014,179,323,medium,36,6,2012,1,37874.13159171783
3547,2015,179,323,medium,37,7,2012,1,39933.08171855721
3548,2016,179,323,medium,38,8,2012,1,35276.8395009729
3549,2017,179,323,medium,39,9,2012,1,37928.348842587075
3550,2018,179,323,medium,40,10,2012,1,37437.09089728157
3551,2019,179,323,medium,41,11,2012,1,35864.28114926909
3552,2020,179,323,medium,42,12,2012,1,40193.41995520984
3553,2010,160,324,low,42,2,2013,0,35523.11310316885
3554,2011,160,324,low,43,3,2013,0,27319.844510988492
3555,2012,160,324,low,44,4,2013,0,31435.438777901058
3556,2013,160,324,low,45,5,2013,1,38281.085870149545
3557,2014,160,324,low,46,6,2013,1,37746.156403312365
3558,2015,160,324,low,47,7,2013,1,37773.74389496852
3559,2016,160,324,low,48,8,2013,1,35901.567273108354
3560,2017,160,324,low,49,9,2013,1,39465.573485880326
3561,2018,160,324,low,50,10,2013,1,37986.47204596815
3562,2019,160,324,low,51,11,2013,1,35620.15659004289
3563,2020,160,324,low,52,12,2013,1,42889.184441027464
3564,2010,140,325,high,52,9,2013,0,41816.771639684084
3565,2011,140,325,high,53,10,2013,0,40503.32195370216
3566,2012,140,325,high,54,11,2013,0,41358.149376411406
3567,2013,140,325,high,55,12,2013,1,48548.63602543112
3568,2014,140,325,high,56,13,2013,1,47348.67931355617
3569,2015,140,325,high,57,14,2013,1,49208.03510952263
3570,2016,140,325,high,58,15,2013,1,47305.0355982523
3571,2017,140,325,high,59,16,2013,1,51023.96747714789
3572,2018,140,325,high,60,17,2013,1,49541.57145186537
3573,2019,140,325,high,61,18,2013,1,49788.10388721175
3574,2020,140,325,high,62,19,2013,1,47359.87782257594
3575,2010,199,326,medium,25,5,2017,0,28573.911708603417
3576,2011,199,326,medium,26,6,2017,0,26836.090165011097
3577,2012,199,326,medium,27,7,2017,0,27723.43454694301
3578,2013,199,326,medium,28,8,2017,0,27869.24874336776
3579,2014,199,326,medium,29,9,2017,0,27867.53013620155
3580,2015,199,326,medium,30,10,2017,0,34749.542806033925
3581,2016,199,326,medium,31,11,2017,0,33662.6781239768
3582,2017,199,326,medium,32,12,2017,1,40340.73500428852
3583,2018,199,326,medium,33,13,2017,1,34554.209960888875
3584,2019,199,326,medium,34,14,2017,1,37642.50749982178
3585,2020,199,326,medium,35,15,2017,1,35412.98474959181
3586,2010,132,327,medium,26,2,2013,0,26308.610245605872
3587,2011,132,327,medium,27,3,2013,0,26363.74603316685
3588,2012,132,327,medium,28,4,2013,0,31179.16801288312
3589,2013,132,327,medium,29,5,2013,1,33407.54064379648
3590,2014,132,327,medium,30,6,2013,1,36836.758667388036
3591,2015,132,327,medium,31,7,2013,1,36408.241779177035
3592,2016,132,327,medium,32,8,2013,1,40307.277504209575
3593,2017,132,327,medium,33,9,2013,1,33241.111553720555
3594,2018,132,327,medium,34,10,2013,1,39218.466479573595
3595,2019,132,327,medium,35,11,2013,1,39492.88174080146
3596,2020,132,327,medium,36,12,2013,1,35753.24232394593
3597,2010,167,328,high,25,9,2014,0,33814.266672946316
3598,2011,167,328,high,26,10,2014,0,32972.28992605246
3599,2012,167,328,high,27,11,2014,0,32345.047480093184
3600,2013,167,328,high,28,12,2014,0,31652.129026056
3601,2014,167,328,high,29,13,2014,1,37361.78109710163
3602,2015,167,328,high,30,14,2014,1,43399.62419157185
3603,2016,167,328,high,31,15,2014,1,39801.36563791497
3604,2017,167,328,high,32,16,2014,1,41864.26000306292
3605,2018,167,328,high,33,17,2014,1,39218.20123666489
3606,2019,167,328,high,34,18,2014,1,39740.29410755672
3607,2020,167,328,high,35,19,2014,1,43963.96961849988
3608,2010,132,329,medium,25,9,2016,0,26100.847576896937
3609,2011,132,329,medium,26,10,2016,0,28469.572464189456
3610,2012,132,329,medium,27,11,2016,0,29868.054822144462
3611,2013,132,329,medium,28,12,2016,0,30522.745203680104
3612,2014,132,329,medium,29,13,2016,0,30441.813429967686
3613,2015,132,329,medium,30,14,2016,0,32091.639562191845
3614,2016,132,329,medium,31,15,2016,1,38185.71151163562
3615,2017,132,329,medium,32,16,2016,1,38769.27509091866
3616,2018,132,329,medium,33,17,2016,1,35828.392382664344
3617,2019,132,329,medium,34,18,2016,1,37731.68980414241
3618,2020,132,329,medium,35,19,2016,1,41189.525723753875
3619,2010,113,330,high,33,1,2016,0,34389.29437514774
3620,2011,113,330,high,34,2,2016,0,30354.28109703787
3621,2012,113,330,high,35,3,2016,0,34302.959800704404
3622,2013,113,330,high,36,4,2016,0,30143.549501250378
3623,2014,113,330,high,37,5,2016,0,34693.86980412074
3624,2015,113,330,high,38,6,2016,0,38895.53403349195
3625,2016,113,330,high,39,7,2016,1,38704.214565462025
3626,2017,113,330,high,40,8,2016,1,39431.353909016834
3627,2018,113,330,high,41,9,2016,1,43128.05956314572
3628,2019,113,330,high,42,10,2016,1,39014.39696958071
3629,2020,113,330,high,43,11,2016,1,41334.48994022992
3630,2010,120,331,medium,37,3,2018,0,32392.882275163505
3631,2011,120,331,medium,38,4,2018,0,30431.428304621193
3632,2012,120,331,medium,39,5,2018,0,31728.060025578056
3633,2013,120,331,medium,40,6,2018,0,34188.37142063007
3634,2014,120,331,medium,41,7,2018,0,34043.092167073126
3635,2015,120,331,medium,42,8,2018,0,34233.636792590805
3636,2016,120,331,medium,43,9,2018,0,33521.75544145992
3637,2017,120,331,medium,44,10,2018,0,35440.12223053791
3638,2018,120,331,medium,45,11,2018,1,39952.534639800484
3639,2019,120,331,medium,46,12,2018,1,41615.61121985157
3640,2020,120,331,medium,47,13,2018,1,40206.135949764044
3641,2010,147,332,low,54,4,2012,0,34134.86205124092
3642,2011,147,332,low,55,5,2012,0,33020.08441489597
3643,2012,147,332,low,56,6,2012,1,40429.98477998753
3644,2013,147,332,low,57,7,2012,1,39377.99827274231
3645,2014,147,332,low,58,8,2012,1,39271.90709967601
3646,2015,147,332,low,59,9,2012,1,42517.32229571078
3647,2016,147,332,low,60,10,2012,1,42925.47955171532
3648,2017,147,332,low,61,11,2012,1,44565.74746989714
3649,2018,147,332,low,62,12,2012,1,42637.7488608498
3650,2019,147,332,low,63,13,2012,1,44816.10569367351
3651,2020,147,332,low,64,14,2012,1,45601.595144547326
3652,2010,119,333,medium,25,7,2017,0,29289.54761566319
3653,2011,119,333,medium,26,8,2017,0,27248.692634395717
3654,2012,119,333,medium,27,9,2017,0,29698.726964542377
3655,2013,119,333,medium,28,10,2017,0,30628.280592109324
3656,2014,119,333,medium,29,11,2017,0,30414.356933815885
3657,2015,119,333,medium,30,12,2017,0,26727.04468325783
3658,2016,119,333,medium,31,13,2017,0,31720.97924794696
3659,2017,119,333,medium,32,14,2017,1,41325.062078794486
3660,2018,119,333,medium,33,15,2017,1,36679.92146248603
3661,2019,119,333,medium,34,16,2017,1,36443.845804289354
3662,2020,119,333,medium,35,17,2017,1,39146.697119422795
3663,2010,107,334,medium,37,4,2012,0,32024.756420933143
3664,2011,107,334,medium,38,5,2012,0,34285.47033083283
3665,2012,107,334,medium,39,6,2012,1,34884.263688182225
3666,2013,107,334,medium,40,7,2012,1,39362.760505149985
3667,2014,107,334,medium,41,8,2012,1,39580.844122502924
3668,2015,107,334,medium,42,9,2012,1,38615.70692611891
3669,2016,107,334,medium,43,10,2012,1,40077.37463584338
3670,2017,107,334,medium,44,11,2012,1,41958.914963196716
3671,2018,107,334,medium,45,12,2012,1,42144.6307600569
3672,2019,107,334,medium,46,13,2012,1,38613.961375852545
3673,2020,107,334,medium,47,14,2012,1,43040.31637351097
3674,2010,106,335,medium,44,2,2013,0,32970.62278993496
3675,2011,106,335,medium,45,3,2013,0,33745.74819603103
3676,2012,106,335,medium,46,4,2013,0,34246.39398200339
3677,2013,106,335,medium,47,5,2013,1,39299.51402240348
3678,2014,106,335,medium,48,6,2013,1,42483.41499421413
3679,2015,106,335,medium,49,7,2013,1,40432.56408030158
3680,2016,106,335,medium,50,8,2013,1,38860.90774323366
3681,2017,106,335,medium,51,9,2013,1,40812.94028806054
3682,2018,106,335,medium,52,10,2013,1,42457.38943362095
3683,2019,106,335,medium,53,11,2013,1,45058.4295685941
3684,2020,106,335,medium,54,12,2013,1,44306.189369897664
3685,2010,166,336,low,50,7,2018,0,32198.929442505912
3686,2011,166,336,low,51,8,2018,0,39370.37983335779
3687,2012,166,336,low,52,9,2018,0,35429.55062195596
3688,2013,166,336,low,53,10,2018,0,37950.78147599803
3689,2014,166,336,low,54,11,2018,0,35596.57113284554
3690,2015,166,336,low,55,12,2018,0,37466.7184894109
3691,2016,166,336,low,56,13,2018,0,38578.93700903681
3692,2017,166,336,low,57,14,2018,0,39836.38942350851
3693,2018,166,336,low,58,15,2018,1,45014.73661075645
3694,2019,166,336,low,59,16,2018,1,45144.394000145956
3695,2020,166,336,low,60,17,2018,1,43269.826537611785
3696,2010,116,337,low,46,6,2012,0,31356.507916087878
3697,2011,116,337,low,47,7,2012,0,33665.21502064839
3698,2012,116,337,low,48,8,2012,1,40366.25614468214
3699,2013,116,337,low,49,9,2012,1,38554.55859844678
3700,2014,116,337,low,50,10,2012,1,41630.343931428775
3701,2015,116,337,low,51,11,2012,1,42905.23349097236
3702,2016,116,337,low,52,12,2012,1,38667.35816185316
3703,2017,116,337,low,53,13,2012,1,39326.15859240744
3704,2018,116,337,low,54,14,2012,1,41219.249882189324
3705,2019,116,337,low,55,15,2012,1,42615.22533637839
3706,2020,116,337,low,56,16,2012,1,41450.8659724659
3707,2010,132,338,low,31,3,2014,0,30104.40535773429
3708,2011,132,338,low,32,4,2014,0,28748.133723036903
3709,2012,132,338,low,33,5,2014,0,28478.89409648148
3710,2013,132,338,low,34,6,2014,0,26028.180952262945
3711,2014,132,338,low,35,7,2014,1,31768.368367144987
3712,2015,132,338,low,36,8,2014,1,35462.018500563616
3713,2016,132,338,low,37,9,2014,1,31134.808747690327
3714,2017,132,338,low,38,10,2014,1,37925.27481928814
3715,2018,132,338,low,39,11,2014,1,36083.692311255356
3716,2019,132,338,low,40,12,2014,1,43386.18593918947
3717,2020,132,338,low,41,13,2014,1,42015.832501232224
3718,2010,147,339,low,26,6,2016,0,26137.101861504965
3719,2011,147,339,low,27,7,2016,0,26787.32599493737
3720,2012,147,339,low,28,8,2016,0,29491.16302800406
3721,2013,147,339,low,29,9,2016,0,31406.345219836076
3722,2014,147,339,low,30,10,2016,0,25223.941885127966
3723,2015,147,339,low,31,11,2016,0,25427.24906929063
3724,2016,147,339,low,32,12,2016,1,33255.93038889124
3725,2017,147,339,low,33,13,2016,1,36165.47516634773
3726,2018,147,339,low,34,14,2016,1,36493.74718101519
3727,2019,147,339,low,35,15,2016,1,38139.5429099677
3728,2020,147,339,low,36,16,2016,1,34100.60494326938
3729,2010,175,340,medium,30,6,2013,0,25067.712274062247
3730,2011,175,340,medium,31,7,2013,0,31916.02839060429
3731,2012,175,340,medium,32,8,2013,0,29043.60745406953
3732,2013,175,340,medium,33,9,2013,1,32163.024271222723
3733,2014,175,340,medium,34,10,2013,1,36990.12749191876
3734,2015,175,340,medium,35,11,2013,1,38786.35137643736
3735,2016,175,340,medium,36,12,2013,1,37455.885735757445
3736,2017,175,340,medium,37,13,2013,1,37284.30322763502
3737,2018,175,340,medium,38,14,2013,1,38381.275535708184
3738,2019,175,340,medium,39,15,2013,1,38458.83447519843
3739,2020,175,340,medium,40,16,2013,1,37003.90577611967
3740,2010,158,341,low,31,5,2018,0,26370.638646019135
3741,2011,158,341,low,32,6,2018,0,29342.55981002763
3742,2012,158,341,low,33,7,2018,0,29443.357082753
3743,2013,158,341,low,34,8,2018,0,29636.119611933642
3744,2014,158,341,low,35,9,2018,0,27809.703036293242
3745,2015,158,341,low,36,10,2018,0,29936.993675728667
3746,2016,158,341,low,37,11,2018,0,26445.86990711429
3747,2017,158,341,low,38,12,2018,0,31656.953327770778
3748,2018,158,341,low,39,13,2018,1,39657.715415627135
3749,2019,158,341,low,40,14,2018,1,34351.73573591579
3750,2020,158,341,low,41,15,2018,1,36628.14465336449
3751,2010,185,342,medium,50,4,2012,0,35958.21355742026
3752,2011,185,342,medium,51,5,2012,0,38305.68526885497
3753,2012,185,342,medium,52,6,2012,1,40403.5507673997
3754,2013,185,342,medium,53,7,2012,1,40415.49934146821
3755,2014,185,342,medium,54,8,2012,1,38362.153715167835
3756,2015,185,342,medium,55,9,2012,1,43006.87625861621
3757,2016,185,342,medium,56,10,2012,1,47384.15208028749
3758,2017,185,342,medium,57,11,2012,1,44354.71692392935
3759,2018,185,342,medium,58,12,2012,1,44255.442041632574
3760,2019,185,342,medium,59,13,2012,1,45444.16462153397
3761,2020,185,342,medium,60,14,2012,1,45277.8159921028
3762,2010,121,343,medium,38,1,2017,0,29473.97125547974
3763,2011,121,343,medium,39,2,2017,0,33246.55983135541
3764,2012,121,343,medium,40,3,2017,0,32551.52304622351
3765,2013,121,343,medium,41,4,2017,0,32635.226503867314
3766,2014,121,343,medium,42,5,2017,0,31149.2679454435
3767,2015,121,343,medium,43,6,2017,0,36207.01586386952
3768,2016,121,343,medium,44,7,2017,0,35429.40549066622
3769,2017,121,343,medium,45,8,2017,1,38494.158325265395
3770,2018,121,343,medium,46,9,2017,1,42103.649707363875
3771,2019,121,343,medium,47,10,2017,1,39604.858323229586
3772,2020,121,343,medium,48,11,2017,1,39535.993014977925
3773,2010,129,344,medium,50,6,2014,0,34180.593765039426
3774,2011,129,344,medium,51,7,2014,0,32657.862893823818
3775,2012,129,344,medium,52,8,2014,0,37643.08476083641
3776,2013,129,344,medium,53,9,2014,0,33537.7102433233
3777,2014,129,344,medium,54,10,2014,1,40243.112337468476
3778,2015,129,344,medium,55,11,2014,1,39048.823981842936
3779,2016,129,344,medium,56,12,2014,1,43527.86061441821
3780,2017,129,344,medium,57,13,2014,1,43899.359079456255
3781,2018,129,344,medium,58,14,2014,1,44046.60757362727
3782,2019,129,344,medium,59,15,2014,1,43114.844610658845
3783,2020,129,344,medium,60,16,2014,1,43355.53249312672
3784,2010,137,345,high,42,2,2014,0,36428.73972709315
3785,2011,137,345,high,43,3,2014,0,34898.896136583026
3786,2012,137,345,high,44,4,2014,0,37132.71664307229
3787,2013,137,345,high,45,5,2014,0,35229.50262775156
3788,2014,137,345,high,46,6,2014,1,42862.125485542165
3789,2015,137,345,high,47,7,2014,1,45606.55607463213
3790,2016,137,345,high,48,8,2014,1,44672.33160078557
3791,2017,137,345,high,49,9,2014,1,43175.17236356704
3792,2018,137,345,high,50,10,2014,1,45014.39794071185
3793,2019,137,345,high,51,11,2014,1,44518.66965093958
3794,2020,137,345,high,52,12,2014,1,45515.760369389456
3795,2010,150,346,medium,39,3,2012,0,31148.77789570299
3796,2011,150,346,medium,40,4,2012,0,31971.32958822922
3797,2012,150,346,medium,41,5,2012,1,38224.18670614835
3798,2013,150,346,medium,42,6,2012,1,36313.2826008361
3799,2014,150,346,medium,43,7,2012,1,36768.242346020044
3800,2015,150,346,medium,44,8,2012,1,36522.914892337576
3801,2016,150,346,medium,45,9,2012,1,36599.45779099258
3802,2017,150,346,medium,46,10,2012,1,37865.43461555904
3803,2018,150,346,medium,47,11,2012,1,41118.925013608256
3804,2019,150,346,medium,48,12,2012,1,39514.42496901623
3805,2020,150,346,medium,49,13,2012,1,42827.228928462195
3806,2010,153,347,medium,26,8,2016,0,28969.427497505123
3807,2011,153,347,medium,27,9,2016,0,25462.991573123894
3808,2012,153,347,medium,28,10,2016,0,31209.95116844338
3809,2013,153,347,medium,29,11,2016,0,32021.59729118342
3810,2014,153,347,medium,30,12,2016,0,28912.27465033029
3811,2015,153,347,medium,31,13,2016,0,32240.383085789985
3812,2016,153,347,medium,32,14,2016,1,35187.0035251816
3813,2017,153,347,medium,33,15,2016,1,37595.34075349667
3814,2018,153,347,medium,34,16,2016,1,35371.00318609007
3815,2019,153,347,medium,35,17,2016,1,34813.78709493085
3816,2020,153,347,medium,36,18,2016,1,38134.365620774064
3817,2010,107,348,medium,34,6,2012,0,30652.54210745033
3818,2011,107,348,medium,35,7,2012,0,30604.640612770792
3819,2012,107,348,medium,36,8,2012,1,34531.93888355488
3820,2013,107,348,medium,37,9,2012,1,36600.20187573772
3821,2014,107,348,medium,38,10,2012,1,38438.589505161464
3822,2015,107,348,medium,39,11,2012,1,38310.213939754925
3823,2016,107,348,medium,40,12,2012,1,39265.00206119843
3824,2017,107,348,medium,41,13,2012,1,38059.76959909153
3825,2018,107,348,medium,42,14,2012,1,42243.43582943232
3826,2019,107,348,medium,43,15,2012,1,38047.65332689044
3827,2020,107,348,medium,44,16,2012,1,41875.12059417344
3828,2010,126,349,medium,47,3,2013,0,36563.782185919925
3829,2011,126,349,medium,48,4,2013,0,35661.81618549779
3830,2012,126,349,medium,49,5,2013,0,34794.95154587034
3831,2013,126,349,medium,50,6,2013,1,39643.405906674045
3832,2014,126,349,medium,51,7,2013,1,43272.17530209251
3833,2015,126,349,medium,52,8,2013,1,38854.05014947665
3834,2016,126,349,medium,53,9,2013,1,40259.75147924072
3835,2017,126,349,medium,54,10,2013,1,41904.88446901656
3836,2018,126,349,medium,55,11,2013,1,45675.307515024
3837,2019,126,349,medium,56,12,2013,1,44459.53527208179
3838,2020,126,349,medium,57,13,2013,1,42263.90848297951
3839,2010,126,350,high,36,7,2012,0,34079.38458923019
3840,2011,126,350,high,37,8,2012,0,33971.35371180741
3841,2012,126,350,high,38,9,2012,1,39280.42201553293
3842,2013,126,350,high,39,10,2012,1,43157.77911711356
3843,2014,126,350,high,40,11,2012,1,38956.51374147299
3844,2015,126,350,high,41,12,2012,1,45417.56171146875
3845,2016,126,350,high,42,13,2012,1,44356.45938036925
3846,2017,126,350,high,43,14,2012,1,45381.7233412074
3847,2018,126,350,high,44,15,2012,1,42774.12097594948
3848,2019,126,350,high,45,16,2012,1,43900.11856184178
3849,2020,126,350,high,46,17,2012,1,41833.69637095058
3850,2010,197,351,low,41,4,2014,0,29550.675185866396
3851,2011,197,351,low,42,5,2014,0,32087.3096952863
3852,2012,197,351,low,43,6,2014,0,34192.12612356279
3853,2013,197,351,low,44,7,2014,0,29885.686366395097
3854,2014,197,351,low,45,8,2014,1,36868.98812602947
3855,2015,197,351,low,46,9,2014,1,37797.401559534956
3856,2016,197,351,low,47,10,2014,1,35808.42159561503
3857,2017,197,351,low,48,11,2014,1,40282.698483516804
3858,2018,197,351,low,49,12,2014,1,38152.01933651478
3859,2019,197,351,low,50,13,2014,1,39709.219297645956
3860,2020,197,351,low,51,14,2014,1,39696.10125617625
3861,2010,120,352,low,32,9,2018,0,27321.322988560652
3862,2011,120,352,low,33,10,2018,0,29385.910029038892
3863,2012,120,352,low,34,11,2018,0,29468.780842863955
3864,2013,120,352,low,35,12,2018,0,29656.28423544267
3865,2014,120,352,low,36,13,2018,0,29443.076756639315
3866,2015,120,352,low,37,14,2018,0,32039.04934156591
3867,2016,120,352,low,38,15,2018,0,35207.23453698457
3868,2017,120,352,low,39,16,2018,0,32679.774465678256
3869,2018,120,352,low,40,17,2018,1,39892.23642982226
3870,2019,120,352,low,41,18,2018,1,35619.556149693075
3871,2020,120,352,low,42,19,2018,1,39215.52287858754
3872,2010,129,353,medium,35,5,2012,0,28805.263362057867
3873,2011,129,353,medium,36,6,2012,0,28546.150144936197
3874,2012,129,353,medium,37,7,2012,1,35521.25718508193
3875,2013,129,353,medium,38,8,2012,1,39883.79866882715
3876,2014,129,353,medium,39,9,2012,1,39900.03165733929
3877,2015,129,353,medium,40,10,2012,1,38986.0094441088
3878,2016,129,353,medium,41,11,2012,1,35934.59888022014
3879,2017,129,353,medium,42,12,2012,1,39107.43869722413
3880,2018,129,353,medium,43,13,2012,1,40603.40001780347
3881,2019,129,353,medium,44,14,2012,1,40851.07245915719
3882,2020,129,353,medium,45,15,2012,1,37312.41283303851
3883,2010,196,354,low,53,3,2016,0,32219.364303960258
3884,2011,196,354,low,54,4,2016,0,34371.84447170256
3885,2012,196,354,low,55,5,2016,0,36072.58181903438
3886,2013,196,354,low,56,6,2016,0,31107.744357800108
3887,2014,196,354,low,57,7,2016,0,35675.75204904028
3888,2015,196,354,low,58,8,2016,0,36786.0975397579
3889,2016,196,354,low,59,9,2016,1,43699.22397703242
3890,2017,196,354,low,60,10,2016,1,43885.715168474875
3891,2018,196,354,low,61,11,2016,1,44165.14263761761
3892,2019,196,354,low,62,12,2016,1,41900.118986596135
3893,2020,196,354,low,63,13,2016,1,40183.99572575338
3894,2010,127,355,high,27,2,2018,0,30213.894485877197
3895,2011,127,355,high,28,3,2018,0,33503.26365041712
3896,2012,127,355,high,29,4,2018,0,34786.90905504886
3897,2013,127,355,high,30,5,2018,0,33921.09820459557
3898,2014,127,355,high,31,6,2018,0,33858.68164560347
3899,2015,127,355,high,32,7,2018,0,34259.27929677193
3900,2016,127,355,high,33,8,2018,0,32887.76250647844
3901,2017,127,355,high,34,9,2018,0,34239.87941289276
3902,2018,127,355,high,35,10,2018,1,43338.13905165266
3903,2019,127,355,high,36,11,2018,1,38614.883988416244
3904,2020,127,355,high,37,12,2018,1,44229.5575814197
3905,2010,163,356,medium,51,2,2017,0,34555.943691015884
3906,2011,163,356,medium,52,3,2017,0,38350.86421819016
3907,2012,163,356,medium,53,4,2017,0,33386.36998100492
3908,2013,163,356,medium,54,5,2017,0,37871.8084023293
3909,2014,163,356,medium,55,6,2017,0,35726.45972810475
3910,2015,163,356,medium,56,7,2017,0,34869.465616151625
3911,2016,163,356,medium,57,8,2017,0,38637.06808482189
3912,2017,163,356,medium,58,9,2017,1,45718.94357719194
3913,2018,163,356,medium,59,10,2017,1,42510.117122813004
3914,2019,163,356,medium,60,11,2017,1,41701.9680790832
3915,2020,163,356,medium,61,12,2017,1,45016.31047133009
3916,2010,196,357,high,30,3,2015,0,31925.129342445638
3917,2011,196,357,high,31,4,2015,0,33696.639255108996
3918,2012,196,357,high,32,5,2015,0,34999.189142728974
3919,2013,196,357,high,33,6,2015,0,33481.16963745501
3920,2014,196,357,high,34,7,2015,0,37811.006629588526
3921,2015,196,357,high,35,8,2015,1,40048.46948907059
3922,2016,196,357,high,36,9,2015,1,39407.1469879862
3923,2017,196,357,high,37,10,2015,1,37376.865281794344
3924,2018,196,357,high,38,11,2015,1,40574.680959367666
3925,2019,196,357,high,39,12,2015,1,40927.226109177725
3926,2020,196,357,high,40,13,2015,1,44020.60959256294
3927,2010,168,358,medium,33,2,2012,0,30724.967248133707
3928,2011,168,358,medium,34,3,2012,0,27941.261756734766
3929,2012,168,358,medium,35,4,2012,1,36144.508772822075
3930,2013,168,358,medium,36,5,2012,1,37643.06234345811
3931,2014,168,358,medium,37,6,2012,1,39856.06271877566
3932,2015,168,358,medium,38,7,2012,1,39075.00793482812
3933,2016,168,358,medium,39,8,2012,1,39321.693308622955
3934,2017,168,358,medium,40,9,2012,1,38420.17198923033
3935,2018,168,358,medium,41,10,2012,1,39576.6240108469
3936,2019,168,358,medium,42,11,2012,1,41799.009801412314
3937,2020,168,358,medium,43,12,2012,1,37134.4452050407
3938,2010,160,359,medium,30,4,2016,0,28601.121345566087
3939,2011,160,359,medium,31,5,2016,0,28254.86250248752
3940,2012,160,359,medium,32,6,2016,0,31058.30623745225
3941,2013,160,359,medium,33,7,2016,0,33260.44435130157
3942,2014,160,359,medium,34,8,2016,0,30106.051426557853
3943,2015,160,359,medium,35,9,2016,0,27019.391265061124
3944,2016,160,359,medium,36,10,2016,1,36475.55850995106
3945,2017,160,359,medium,37,11,2016,1,39626.94746403481
3946,2018,160,359,medium,38,12,2016,1,39375.25980589976
3947,2019,160,359,medium,39,13,2016,1,39656.37249562115
3948,2020,160,359,medium,40,14,2016,1,38740.01339625104
3949,2010,147,360,high,33,2,2018,0,30241.93852756043
3950,2011,147,360,high,34,3,2018,0,34330.588643248935
3951,2012,147,360,high,35,4,2018,0,32131.43637993075
3952,2013,147,360,high,36,5,2018,0,38668.19346676091
3953,2014,147,360,high,37,6,2018,0,35941.01441670903
3954,2015,147,360,high,38,7,2018,0,34138.703394892094
3955,2016,147,360,high,39,8,2018,0,34577.22950522274
3956,2017,147,360,high,40,9,2018,0,36114.11158677282
3957,2018,147,360,high,41,10,2018,1,41320.9961559565
3958,2019,147,360,high,42,11,2018,1,44533.66755105991
3959,2020,147,360,high,43,12,2018,1,43172.83233948809
3960,2010,118,361,medium,31,9,2016,0,29136.736522182942
3961,2011,118,361,medium,32,10,2016,0,34880.88137031157
3962,2012,118,361,medium,33,11,2016,0,31698.616663040444
3963,2013,118,361,medium,34,12,2016,0,33637.6793519378
3964,2014,118,361,medium,35,13,2016,0,31383.546985110483
3965,2015,118,361,medium,36,14,2016,0,33826.231255489045
3966,2016,118,361,medium,37,15,2016,1,39222.21998228639
3967,2017,118,361,medium,38,16,2016,1,35320.70141580769
3968,2018,118,361,medium,39,17,2016,1,43630.55022092128
3969,2019,118,361,medium,40,18,2016,1,42681.288921845095
3970,2020,118,361,medium,41,19,2016,1,39805.60936770803
3971,2010,103,362,high,33,2,2017,0,30595.46051908829
3972,2011,103,362,high,34,3,2017,0,33995.1232276071
3973,2012,103,362,high,35,4,2017,0,33973.39539882879
3974,2013,103,362,high,36,5,2017,0,35011.33789712646
3975,2014,103,362,high,37,6,2017,0,35183.15479238818
3976,2015,103,362,high,38,7,2017,0,36312.48197861185
3977,2016,103,362,high,39,8,2017,0,38694.611398783614
3978,2017,103,362,high,40,9,2017,1,42436.20641025729
3979,2018,103,362,high,41,10,2017,1,39700.689002180115
3980,2019,103,362,high,42,11,2017,1,45025.12570542491
3981,2020,103,362,high,43,12,2017,1,46081.22912697658
3982,2010,134,363,low,42,9,2014,0,38204.11346902417
3983,2011,134,363,low,43,10,2014,0,30153.011933520804
3984,2012,134,363,low,44,11,2014,0,33385.76402630055
3985,2013,134,363,low,45,12,2014,0,29235.802593622026
3986,2014,134,363,low,46,13,2014,1,40006.298312758416
3987,2015,134,363,low,47,14,2014,1,38303.599403666456
3988,2016,134,363,low,48,15,2014,1,43746.89158964991
3989,2017,134,363,low,49,16,2014,1,38850.77005996284
3990,2018,134,363,low,50,17,2014,1,37521.63392406548
3991,2019,134,363,low,51,18,2014,1,40457.47251859496
3992,2020,134,363,low,52,19,2014,1,37949.02445756573
3993,2010,163,364,medium,36,6,2016,0,33002.19890901462
3994,2011,163,364,medium,37,7,2016,0,27869.83390748736
3995,2012,163,364,medium,38,8,2016,0,32556.915162366317
3996,2013,163,364,medium,39,9,2016,0,28844.376360287606
3997,2014,163,364,medium,40,10,2016,0,32859.40439092671
3998,2015,163,364,medium,41,11,2016,0,37286.75631160907
3999,2016,163,364,medium,42,12,2016,1,40221.29578287159
4000,2017,163,364,medium,43,13,2016,1,38273.01279007013
4001,2018,163,364,medium,44,14,2016,1,40437.59302212183
4002,2019,163,364,medium,45,15,2016,1,41036.03374408889
4003,2020,163,364,medium,46,16,2016,1,42445.26069168681
4004,2010,148,365,low,32,1,2018,0,24566.28327343835
4005,2011,148,365,low,33,2,2018,0,28985.134547694663
4006,2012,148,365,low,34,3,2018,0,22891.21673679445
4007,2013,148,365,low,35,4,2018,0,27540.23089527238
4008,2014,148,365,low,36,5,2018,0,28323.45231509691
4009,2015,148,365,low,37,6,2018,0,31066.65365214248
4010,2016,148,365,low,38,7,2018,0,30345.26170535374
4011,2017,148,365,low,39,8,2018,0,27988.873892287425
4012,2018,148,365,low,40,9,2018,1,34330.01374836597
4013,2019,148,365,low,41,10,2018,1,37197.36001909481
4014,2020,148,365,low,42,11,2018,1,37141.86531627089
4015,2010,116,366,medium,32,4,2016,0,28741.751780728508
4016,2011,116,366,medium,33,5,2016,0,29438.33242097604
4017,2012,116,366,medium,34,6,2016,0,32292.33599431858
4018,2013,116,366,medium,35,7,2016,0,30364.61485426157
4019,2014,116,366,medium,36,8,2016,0,31723.817511941852
4020,2015,116,366,medium,37,9,2016,0,36739.87317616108
4021,2016,116,366,medium,38,10,2016,1,35052.63472623215
4022,2017,116,366,medium,39,11,2016,1,34696.31453685068
4023,2018,116,366,medium,40,12,2016,1,40467.17932959722
4024,2019,116,366,medium,41,13,2016,1,38042.71387741179
4025,2020,116,366,medium,42,14,2016,1,39263.52494451476
4026,2010,143,367,low,42,1,2016,0,28737.68724373777
4027,2011,143,367,low,43,2,2016,0,30280.399718464974
4028,2012,143,367,low,44,3,2016,0,34497.076224192686
4029,2013,143,367,low,45,4,2016,0,33404.25691723624
4030,2014,143,367,low,46,5,2016,0,34024.44702377395
4031,2015,143,367,low,47,6,2016,0,29967.54588841471
4032,2016,143,367,low,48,7,2016,1,35997.69252689426
4033,2017,143,367,low,49,8,2016,1,33121.84268102914
4034,2018,143,367,low,50,9,2016,1,37681.23835783449
4035,2019,143,367,low,51,10,2016,1,41713.406372771315
4036,2020,143,367,low,52,11,2016,1,41333.893031496744
4037,2010,191,368,high,52,6,2016,0,38856.97347409575
4038,2011,191,368,high,53,7,2016,0,39755.39943256389
4039,2012,191,368,high,54,8,2016,0,38922.22891484919
4040,2013,191,368,high,55,9,2016,0,41209.51776480357
4041,2014,191,368,high,56,10,2016,0,42831.75655896123
4042,2015,191,368,high,57,11,2016,0,38568.226425179055
4043,2016,191,368,high,58,12,2016,1,47899.295375674694
4044,2017,191,368,high,59,13,2016,1,49664.86974190934
4045,2018,191,368,high,60,14,2016,1,47469.79942207326
4046,2019,191,368,high,61,15,2016,1,50201.40122424117
4047,2020,191,368,high,62,16,2016,1,54929.3088889451
4048,2010,129,369,high,54,4,2013,0,39291.314414026216
4049,2011,129,369,high,55,5,2013,0,40786.61410001064
4050,2012,129,369,high,56,6,2013,0,39023.88583267722
4051,2013,129,369,high,57,7,2013,1,46362.5023252041
4052,2014,129,369,high,58,8,2013,1,47420.543249964605
4053,2015,129,369,high,59,9,2013,1,47389.684680540275
4054,2016,129,369,high,60,10,2013,1,45460.60936058229
4055,2017,129,369,high,61,11,2013,1,48412.7235426509
4056,2018,129,369,high,62,12,2013,1,51424.39187743527
4057,2019,129,369,high,63,13,2013,1,49897.27152902906
4058,2020,129,369,high,64,14,2013,1,51423.974378143685
4059,2010,192,370,high,44,3,2013,0,35825.976059974746
4060,2011,192,370,high,45,4,2013,0,38299.80047884742
4061,2012,192,370,high,46,5,2013,0,37858.53567643305
4062,2013,192,370,high,47,6,2013,1,40898.17854062554
4063,2014,192,370,high,48,7,2013,1,43937.042009597746
4064,2015,192,370,high,49,8,2013,1,41816.60667311938
4065,2016,192,370,high,50,9,2013,1,43034.239450230416
4066,2017,192,370,high,51,10,2013,1,45178.65661458475
4067,2018,192,370,high,52,11,2013,1,45894.48854676025
4068,2019,192,370,high,53,12,2013,1,43421.53506984574
4069,2020,192,370,high,54,13,2013,1,48407.971542365754
4070,2010,145,371,low,54,3,2014,0,35444.012556600945
4071,2011,145,371,low,55,4,2014,0,33390.543128778234
4072,2012,145,371,low,56,5,2014,0,32224.83040710165
4073,2013,145,371,low,57,6,2014,0,35510.19084183714
4074,2014,145,371,low,58,7,2014,1,40408.11257227768
4075,2015,145,371,low,59,8,2014,1,42026.28091410604
4076,2016,145,371,low,60,9,2014,1,41573.766677688865
4077,2017,145,371,low,61,10,2014,1,38785.08627850998
4078,2018,145,371,low,62,11,2014,1,42523.306123397684
4079,2019,145,371,low,63,12,2014,1,43188.76177786337
4080,2020,145,371,low,64,13,2014,1,45567.322049548115
4081,2010,105,372,medium,39,9,2012,0,31603.600650777902
4082,2011,105,372,medium,40,10,2012,0,36857.34934674513
4083,2012,105,372,medium,41,11,2012,1,35176.71889869648
4084,2013,105,372,medium,42,12,2012,1,42122.33499560525
4085,2014,105,372,medium,43,13,2012,1,39551.36205824379
4086,2015,105,372,medium,44,14,2012,1,42219.16974468711
4087,2016,105,372,medium,45,15,2012,1,41159.60296811747
4088,2017,105,372,medium,46,16,2012,1,43779.11107205094
4089,2018,105,372,medium,47,17,2012,1,41225.276070894375
4090,2019,105,372,medium,48,18,2012,1,40302.75914964438
4091,2020,105,372,medium,49,19,2012,1,45841.008574542124
4092,2010,198,373,medium,51,6,2016,0,35773.03870823572
4093,2011,198,373,medium,52,7,2016,0,36943.11694724842
4094,2012,198,373,medium,53,8,2016,0,39469.50382808959
4095,2013,198,373,medium,54,9,2016,0,35436.08951581113
4096,2014,198,373,medium,55,10,2016,0,39190.981795278516
4097,2015,198,373,medium,56,11,2016,0,37320.21048707422
4098,2016,198,373,medium,57,12,2016,1,43735.66128871126
4099,2017,198,373,medium,58,13,2016,1,44644.55793076858
4100,2018,198,373,medium,59,14,2016,1,41999.55627710613
4101,2019,198,373,medium,60,15,2016,1,43942.32591435913
4102,2020,198,373,medium,61,16,2016,1,48702.14578482628
4103,2010,136,374,medium,31,9,2017,0,32372.38237716959
4104,2011,136,374,medium,32,10,2017,0,30974.72084534553
4105,2012,136,374,medium,33,11,2017,0,32086.246917025786
4106,2013,136,374,medium,34,12,2017,0,31511.514988727085
4107,2014,136,374,medium,35,13,2017,0,35313.16677165596
4108,2015,136,374,medium,36,14,2017,0,32699.294844411674
4109,2016,136,374,medium,37,15,2017,0,34063.684184269696
4110,2017,136,374,medium,38,16,2017,1,41392.06028828413
4111,2018,136,374,medium,39,17,2017,1,38045.25703030819
4112,2019,136,374,medium,40,18,2017,1,43217.57836899379
4113,2020,136,374,medium,41,19,2017,1,37539.077180513246
4114,2010,123,375,medium,35,5,2012,0,34259.2842622256
4115,2011,123,375,medium,36,6,2012,0,30754.648832096053
4116,2012,123,375,medium,37,7,2012,1,36514.60250434944
4117,2013,123,375,medium,38,8,2012,1,33719.97965763412
4118,2014,123,375,medium,39,9,2012,1,37090.410565244616
4119,2015,123,375,medium,40,10,2012,1,36420.386937946234
4120,2016,123,375,medium,41,11,2012,1,37784.707309253055
4121,2017,123,375,medium,42,12,2012,1,39225.378068422244
4122,2018,123,375,medium,43,13,2012,1,41915.58322894581
4123,2019,123,375,medium,44,14,2012,1,40915.20670280125
4124,2020,123,375,medium,45,15,2012,1,41615.35330680223
4125,2010,192,376,medium,44,2,2017,0,30908.961222308877
4126,2011,192,376,medium,45,3,2017,0,31838.49182079454
4127,2012,192,376,medium,46,4,2017,0,37697.45003670263
4128,2013,192,376,medium,47,5,2017,0,33129.59793047351
4129,2014,192,376,medium,48,6,2017,0,38412.41650411459
4130,2015,192,376,medium,49,7,2017,0,35113.877602238266
4131,2016,192,376,medium,50,8,2017,0,36104.57587228701
4132,2017,192,376,medium,51,9,2017,1,43740.73032045986
4133,2018,192,376,medium,52,10,2017,1,44643.784843877314
4134,2019,192,376,medium,53,11,2017,1,42378.37487944183
4135,2020,192,376,medium,54,12,2017,1,42323.51389295692
4136,2010,145,377,medium,40,8,2012,0,32988.15910295557
4137,2011,145,377,medium,41,9,2012,0,34275.91505646423
4138,2012,145,377,medium,42,10,2012,1,40882.60737373951
4139,2013,145,377,medium,43,11,2012,1,39608.459717988306
4140,2014,145,377,medium,44,12,2012,1,41337.77259604631
4141,2015,145,377,medium,45,13,2012,1,43876.71946454188
4142,2016,145,377,medium,46,14,2012,1,41862.61922452957
4143,2017,145,377,medium,47,15,2012,1,42223.305712009555
4144,2018,145,377,medium,48,16,2012,1,39062.178349819864
4145,2019,145,377,medium,49,17,2012,1,37338.53972634187
4146,2020,145,377,medium,50,18,2012,1,43876.751458460334
4147,2010,152,378,medium,28,5,2014,0,28710.351537438255
4148,2011,152,378,medium,29,6,2014,0,28370.434650170515
4149,2012,152,378,medium,30,7,2014,0,30387.06040837269
4150,2013,152,378,medium,31,8,2014,0,30279.192541606182
4151,2014,152,378,medium,32,9,2014,1,38155.5605012678
4152,2015,152,378,medium,33,10,2014,1,36572.22173651795
4153,2016,152,378,medium,34,11,2014,1,35406.15342985967
4154,2017,152,378,medium,35,12,2014,1,39380.33247791858
4155,2018,152,378,medium,36,13,2014,1,37465.737850107595
4156,2019,152,378,medium,37,14,2014,1,39453.073367344616
4157,2020,152,378,medium,38,15,2014,1,37945.1785876144
4158,2010,194,379,medium,30,2,2016,0,27600.34622900513
4159,2011,194,379,medium,31,3,2016,0,29568.336460371393
4160,2012,194,379,medium,32,4,2016,0,29925.65728708737
4161,2013,194,379,medium,33,5,2016,0,31359.654070733664
4162,2014,194,379,medium,34,6,2016,0,30362.708493380516
4163,2015,194,379,medium,35,7,2016,0,27727.280432459207
4164,2016,194,379,medium,36,8,2016,1,36034.45223282322
4165,2017,194,379,medium,37,9,2016,1,38987.63693428763
4166,2018,194,379,medium,38,10,2016,1,37305.24784151379
4167,2019,194,379,medium,39,11,2016,1,37907.233194970904
4168,2020,194,379,medium,40,12,2016,1,40872.753011811874
4169,2010,198,380,low,50,4,2016,0,31876.053545482155
4170,2011,198,380,low,51,5,2016,0,30714.3935635142
4171,2012,198,380,low,52,6,2016,0,33978.737760949014
4172,2013,198,380,low,53,7,2016,0,33831.65209750253
4173,2014,198,380,low,54,8,2016,0,33367.507360493495
4174,2015,198,380,low,55,9,2016,0,35449.24308820262
4175,2016,198,380,low,56,10,2016,1,42283.01129449357
4176,2017,198,380,low,57,11,2016,1,41781.422876864366
4177,2018,198,380,low,58,12,2016,1,42913.962145372476
4178,2019,198,380,low,59,13,2016,1,46426.81539703085
4179,2020,198,380,low,60,14,2016,1,42614.24227688487
4180,2010,159,381,low,46,9,2015,0,33656.69726928934
4181,2011,159,381,low,47,10,2015,0,32581.573274801733
4182,2012,159,381,low,48,11,2015,0,32407.280560226056
4183,2013,159,381,low,49,12,2015,0,33430.18469316446
4184,2014,159,381,low,50,13,2015,0,34142.48285695662
4185,2015,159,381,low,51,14,2015,1,41318.95159509425
4186,2016,159,381,low,52,15,2015,1,45798.15157340151
4187,2017,159,381,low,53,16,2015,1,40167.91312744832
4188,2018,159,381,low,54,17,2015,1,41266.74938876907
4189,2019,159,381,low,55,18,2015,1,42473.7539737775
4190,2020,159,381,low,56,19,2015,1,43891.59769741949
4191,2010,196,382,low,50,4,2017,0,33827.10162390957
4192,2011,196,382,low,51,5,2017,0,36368.19158789623
4193,2012,196,382,low,52,6,2017,0,29447.215858929583
4194,2013,196,382,low,53,7,2017,0,30026.140259608655
4195,2014,196,382,low,54,8,2017,0,34308.2436559797
4196,2015,196,382,low,55,9,2017,0,37994.600375087415
4197,2016,196,382,low,56,10,2017,0,33168.70393678881
4198,2017,196,382,low,57,11,2017,1,35784.73532061248
4199,2018,196,382,low,58,12,2017,1,43442.35881243842
4200,2019,196,382,low,59,13,2017,1,43287.31444740543
4201,2020,196,382,low,60,14,2017,1,41119.58318640114
4202,2010,162,383,high,27,4,2012,0,29428.92079855814
4203,2011,162,383,high,28,5,2012,0,29960.51256073065
4204,2012,162,383,high,29,6,2012,1,37621.07063494788
4205,2013,162,383,high,30,7,2012,1,36647.36944763399
4206,2014,162,383,high,31,8,2012,1,39388.12783795104
4207,2015,162,383,high,32,9,2012,1,33190.74667419122
4208,2016,162,383,high,33,10,2012,1,37686.2962697444
4209,2017,162,383,high,34,11,2012,1,37647.8920781779
4210,2018,162,383,high,35,12,2012,1,39887.318643255014
4211,2019,162,383,high,36,13,2012,1,39823.90448301972
4212,2020,162,383,high,37,14,2012,1,42995.687559791535
4213,2010,184,384,low,33,2,2012,0,24081.326456679886
4214,2011,184,384,low,34,3,2012,0,28390.982952661503
4215,2012,184,384,low,35,4,2012,1,34916.67284642341
4216,2013,184,384,low,36,5,2012,1,38013.29487312391
4217,2014,184,384,low,37,6,2012,1,33836.46805781305
4218,2015,184,384,low,38,7,2012,1,35948.91720870503
4219,2016,184,384,low,39,8,2012,1,32192.274414875268
4220,2017,184,384,low,40,9,2012,1,31516.08759137395
4221,2018,184,384,low,41,10,2012,1,38489.5487515634
4222,2019,184,384,low,42,11,2012,1,37288.879412703856
4223,2020,184,384,low,43,12,2012,1,40157.025379596846
4224,2010,131,385,low,52,6,2013,0,31553.1942220605
4225,2011,131,385,low,53,7,2013,0,35839.804279057505
4226,2012,131,385,low,54,8,2013,0,39037.635681087704
4227,2013,131,385,low,55,9,2013,1,41639.41121671453
4228,2014,131,385,low,56,10,2013,1,41853.1630111821
4229,2015,131,385,low,57,11,2013,1,41817.1121616487
4230,2016,131,385,low,58,12,2013,1,39158.23708574817
4231,2017,131,385,low,59,13,2013,1,45511.1458714207
4232,2018,131,385,low,60,14,2013,1,42078.28472038987
4233,2019,131,385,low,61,15,2013,1,44808.966512766034
4234,2020,131,385,low,62,16,2013,1,41173.93138685749
4235,2010,186,386,medium,34,2,2015,0,27741.08067098444
4236,2011,186,386,medium,35,3,2015,0,33470.174798444474
4237,2012,186,386,medium,36,4,2015,0,30405.395422084315
4238,2013,186,386,medium,37,5,2015,0,34506.55095208509
4239,2014,186,386,medium,38,6,2015,0,31943.538681882965
4240,2015,186,386,medium,39,7,2015,1,33916.20445408428
4241,2016,186,386,medium,40,8,2015,1,39884.13519946344
4242,2017,186,386,medium,41,9,2015,1,37420.21536448879
4243,2018,186,386,medium,42,10,2015,1,40497.37762703409
4244,2019,186,386,medium,43,11,2015,1,39650.42173508016
4245,2020,186,386,medium,44,12,2015,1,37013.76354411426
4246,2010,132,387,high,38,7,2018,0,35628.58953074114
4247,2011,132,387,high,39,8,2018,0,40192.446284305595
4248,2012,132,387,high,40,9,2018,0,37285.97291702892
4249,2013,132,387,high,41,10,2018,0,36684.96449398907
4250,2014,132,387,high,42,11,2018,0,39450.68680391379
4251,2015,132,387,high,43,12,2018,0,38221.33693040622
4252,2016,132,387,high,44,13,2018,0,38719.06846052559
4253,2017,132,387,high,45,14,2018,0,36616.74965568179
4254,2018,132,387,high,46,15,2018,1,44767.696051579194
4255,2019,132,387,high,47,16,2018,1,46870.88683283389
4256,2020,132,387,high,48,17,2018,1,43627.87569579995
4257,2010,166,388,high,35,3,2018,0,36448.99164249389
4258,2011,166,388,high,36,4,2018,0,33916.58795170975
4259,2012,166,388,high,37,5,2018,0,32824.46097692292
4260,2013,166,388,high,38,6,2018,0,37095.264153840486
4261,2014,166,388,high,39,7,2018,0,35026.41152852346
4262,2015,166,388,high,40,8,2018,0,37619.029774972216
4263,2016,166,388,high,41,9,2018,0,36016.482735482925
4264,2017,166,388,high,42,10,2018,0,36980.347712940194
4265,2018,166,388,high,43,11,2018,1,43587.12040866858
4266,2019,166,388,high,44,12,2018,1,43681.79411518001
4267,2020,166,388,high,45,13,2018,1,39608.93643909652
4268,2010,117,389,medium,42,3,2013,0,30457.512519811215
4269,2011,117,389,medium,43,4,2013,0,35058.81996958163
4270,2012,117,389,medium,44,5,2013,0,33435.726822196906
4271,2013,117,389,medium,45,6,2013,1,38152.537394457155
4272,2014,117,389,medium,46,7,2013,1,36982.851969485055
4273,2015,117,389,medium,47,8,2013,1,38040.5273574483
4274,2016,117,389,medium,48,9,2013,1,36656.402720076105
4275,2017,117,389,medium,49,10,2013,1,40997.43856259694
4276,2018,117,389,medium,50,11,2013,1,40503.1248388379
4277,2019,117,389,medium,51,12,2013,1,40266.82421802937
4278,2020,117,389,medium,52,13,2013,1,42563.753149664095
4279,2010,124,390,medium,46,5,2013,0,35027.94126170548
4280,2011,124,390,medium,47,6,2013,0,38986.39586441989
4281,2012,124,390,medium,48,7,2013,0,32276.233160873573
4282,2013,124,390,medium,49,8,2013,1,43118.76208660105
4283,2014,124,390,medium,50,9,2013,1,43246.20312203014
4284,2015,124,390,medium,51,10,2013,1,40241.8145212466
4285,2016,124,390,medium,52,11,2013,1,42706.47190917206
4286,2017,124,390,medium,53,12,2013,1,41884.73350132477
4287,2018,124,390,medium,54,13,2013,1,43671.37716083748
4288,2019,124,390,medium,55,14,2013,1,46818.2620268091
4289,2020,124,390,medium,56,15,2013,1,45511.21246526262
4290,2010,194,391,medium,36,3,2013,0,31917.216746466886
4291,2011,194,391,medium,37,4,2013,0,30539.381360090716
4292,2012,194,391,medium,38,5,2013,0,28931.88667015133
4293,2013,194,391,medium,39,6,2013,1,36983.06357891919
4294,2014,194,391,medium,40,7,2013,1,40313.21630972783
4295,2015,194,391,medium,41,8,2013,1,35345.664286820705
4296,2016,194,391,medium,42,9,2013,1,36789.82126364661
4297,2017,194,391,medium,43,10,2013,1,39652.53547246814
4298,2018,194,391,medium,44,11,2013,1,37930.690430305476
4299,2019,194,391,medium,45,12,2013,1,38814.95310576957
4300,2020,194,391,medium,46,13,2013,1,40052.80283654365
4301,2010,153,392,low,47,2,2017,0,29268.7651916197
4302,2011,153,392,low,48,3,2017,0,30551.756307567262
4303,2012,153,392,low,49,4,2017,0,34406.85583357462
4304,2013,153,392,low,50,5,2017,0,30885.26043553807
4305,2014,153,392,low,51,6,2017,0,30804.255731010326
4306,2015,153,392,low,52,7,2017,0,33239.95004093221
4307,2016,153,392,low,53,8,2017,0,36463.91100501969
4308,2017,153,392,low,54,9,2017,1,40106.15638400622
4309,2018,153,392,low,55,10,2017,1,40070.837843768764
4310,2019,153,392,low,56,11,2017,1,41588.717595031216
4311,2020,153,392,low,57,12,2017,1,38508.58513428069
4312,2010,157,393,high,36,9,2017,0,36089.411307550065
4313,2011,157,393,high,37,10,2017,0,36366.87006280729
4314,2012,157,393,high,38,11,2017,0,35281.38305180856
4315,2013,157,393,high,39,12,2017,0,38611.84902359283
4316,2014,157,393,high,40,13,2017,0,34845.007802093925
4317,2015,157,393,high,41,14,2017,0,39855.817986507136
4318,2016,157,393,high,42,15,2017,0,38408.9873311905
4319,2017,157,393,high,43,16,2017,1,42926.89482024365
4320,2018,157,393,high,44,17,2017,1,44060.252729263375
4321,2019,157,393,high,45,18,2017,1,44385.47046837812
4322,2020,157,393,high,46,19,2017,1,47540.565792835434
4323,2010,166,394,medium,37,2,2014,0,28846.641745057972
4324,2011,166,394,medium,38,3,2014,0,29974.961521706802
4325,2012,166,394,medium,39,4,2014,0,34072.60578414496
4326,2013,166,394,medium,40,5,2014,0,31308.93012963228
4327,2014,166,394,medium,41,6,2014,1,39801.06615466318
4328,2015,166,394,medium,42,7,2014,1,41898.87196601742
4329,2016,166,394,medium,43,8,2014,1,38196.409946116735
4330,2017,166,394,medium,44,9,2014,1,40862.72465315061
4331,2018,166,394,medium,45,10,2014,1,37692.61543732028
4332,2019,166,394,medium,46,11,2014,1,42009.466596135615
4333,2020,166,394,medium,47,12,2014,1,41398.84797197353
4334,2010,145,395,medium,49,2,2014,0,35546.07656432043
4335,2011,145,395,medium,50,3,2014,0,33808.85585592921
4336,2012,145,395,medium,51,4,2014,0,32277.833168865654
4337,2013,145,395,medium,52,5,2014,0,37106.50412949901
4338,2014,145,395,medium,53,6,2014,1,37473.19369504109
4339,2015,145,395,medium,54,7,2014,1,41465.29901551493
4340,2016,145,395,medium,55,8,2014,1,44482.36373283994
4341,2017,145,395,medium,56,9,2014,1,43483.795471746074
4342,2018,145,395,medium,57,10,2014,1,47496.685289579626
4343,2019,145,395,medium,58,11,2014,1,46150.218305163544
4344,2020,145,395,medium,59,12,2014,1,43292.20322334885
4345,2010,123,396,medium,37,8,2013,0,32254.62675970288
4346,2011,123,396,medium,38,9,2013,0,32605.258594911127
4347,2012,123,396,medium,39,10,2013,0,30035.646473307745
4348,2013,123,396,medium,40,11,2013,1,36819.2021670313
4349,2014,123,396,medium,41,12,2013,1,38078.47818604028
4350,2015,123,396,medium,42,13,2013,1,35627.55899428813
4351,2016,123,396,medium,43,14,2013,1,40294.98693650329
4352,2017,123,396,medium,44,15,2013,1,40201.85631069392
4353,2018,123,396,medium,45,16,2013,1,37854.21219737685
4354,2019,123,396,medium,46,17,2013,1,42508.42573055466
4355,2020,123,396,medium,47,18,2013,1,43631.745489381916
4356,2010,131,397,medium,43,9,2015,0,34654.068957729774
4357,2011,131,397,medium,44,10,2015,0,34051.86364958206
4358,2012,131,397,medium,45,11,2015,0,36382.88430350371
4359,2013,131,397,medium,46,12,2015,0,37060.44072095338
4360,2014,131,397,medium,47,13,2015,0,36814.80713943938
4361,2015,131,397,medium,48,14,2015,1,40050.775499130476
4362,2016,131,397,medium,49,15,2015,1,42753.20153102236
4363,2017,131,397,medium,50,16,2015,1,45090.96130165096
4364,2018,131,397,medium,51,17,2015,1,42006.741882776536
4365,2019,131,397,medium,52,18,2015,1,47895.87867826486
4366,2020,131,397,medium,53,19,2015,1,43148.73813202923
4367,2010,146,398,medium,50,7,2012,0,35964.81402668027
4368,2011,146,398,medium,51,8,2012,0,35055.02880798733
4369,2012,146,398,medium,52,9,2012,1,42346.541671840525
4370,2013,146,398,medium,53,10,2012,1,38915.55661472945
4371,2014,146,398,medium,54,11,2012,1,41807.91640236656
4372,2015,146,398,medium,55,12,2012,1,41215.757599302866
4373,2016,146,398,medium,56,13,2012,1,44170.67669578458
4374,2017,146,398,medium,57,14,2012,1,46388.89475101781
4375,2018,146,398,medium,58,15,2012,1,46192.0123742291
4376,2019,146,398,medium,59,16,2012,1,40656.681278282216
4377,2020,146,398,medium,60,17,2012,1,49984.13930585576
4378,2010,185,399,high,43,3,2017,0,36590.55988124174
4379,2011,185,399,high,44,4,2017,0,34947.001719014
4380,2012,185,399,high,45,5,2017,0,37314.25583798188
4381,2013,185,399,high,46,6,2017,0,37852.379645005385
4382,2014,185,399,high,47,7,2017,0,36666.30256609687
4383,2015,185,399,high,48,8,2017,0,38895.833334684154
4384,2016,185,399,high,49,9,2017,0,37785.05542475938
4385,2017,185,399,high,50,10,2017,1,43691.27601461996
4386,2018,185,399,high,51,11,2017,1,43627.44172848983
4387,2019,185,399,high,52,12,2017,1,42634.65742052069
4388,2020,185,399,high,53,13,2017,1,46291.67294043077
4389,2010,122,400,high,47,9,2015,0,39570.59887303268
4390,2011,122,400,high,48,10,2015,0,39929.76719215274
4391,2012,122,400,high,49,11,2015,0,41039.85050527047
4392,2013,122,400,high,50,12,2015,0,40548.680420029734
4393,2014,122,400,high,51,13,2015,0,39334.54900356619
4394,2015,122,400,high,52,14,2015,1,47579.32772886238
4395,2016,122,400,high,53,15,2015,1,43684.96492031613
4396,2017,122,400,high,54,16,2015,1,45098.65723497504
4397,2018,122,400,high,55,17,2015,1,45471.59985715351
4398,2019,122,400,high,56,18,2015,1,50060.11211827862
4399,2020,122,400,high,57,19,2015,1,50285.57702828015
4400,2010,165,401,medium,38,3,2016,0,32474.61047408999
4401,2011,165,401,medium,39,4,2016,0,34143.859730423595
4402,2012,165,401,medium,40,5,2016,0,30741.434435176023
4403,2013,165,401,medium,41,6,2016,0,33697.19023972196
4404,2014,165,401,medium,42,7,2016,0,33249.65114323367
4405,2015,165,401,medium,43,8,2016,0,35693.764207769826
4406,2016,165,401,medium,44,9,2016,1,39269.5515348956
4407,2017,165,401,medium,45,10,2016,1,39230.11422317984
4408,2018,165,401,medium,46,11,2016,1,41581.81703712198
4409,2019,165,401,medium,47,12,2016,1,42752.33833438247
4410,2020,165,401,medium,48,13,2016,1,40163.309610306394
4411,2010,126,402,medium,28,5,2017,0,28777.848657295246
4412,2011,126,402,medium,29,6,2017,0,27283.118732716695
4413,2012,126,402,medium,30,7,2017,0,24903.877965014122
4414,2013,126,402,medium,31,8,2017,0,30800.919262827458
4415,2014,126,402,medium,32,9,2017,0,32117.810712509265
4416,2015,126,402,medium,33,10,2017,0,31924.13361817345
4417,2016,126,402,medium,34,11,2017,0,28000.876564491264
4418,2017,126,402,medium,35,12,2017,1,36698.30113984705
4419,2018,126,402,medium,36,13,2017,1,33463.30447989784
4420,2019,126,402,medium,37,14,2017,1,41139.40221530837
4421,2020,126,402,medium,38,15,2017,1,36727.89083576383
4422,2010,101,403,low,37,9,2017,0,32910.80721891979
4423,2011,101,403,low,38,10,2017,0,32791.73928736829
4424,2012,101,403,low,39,11,2017,0,29598.81929492788
4425,2013,101,403,low,40,12,2017,0,29634.43009746451
4426,2014,101,403,low,41,13,2017,0,33100.740432772676
4427,2015,101,403,low,42,14,2017,0,31211.35192563386
4428,2016,101,403,low,43,15,2017,0,33604.969284316416
4429,2017,101,403,low,44,16,2017,1,37934.34481838616
4430,2018,101,403,low,45,17,2017,1,35837.68317106873
4431,2019,101,403,low,46,18,2017,1,35439.06396175108
4432,2020,101,403,low,47,19,2017,1,40853.36849698919
4433,2010,189,404,medium,32,3,2014,0,28576.88450733875
4434,2011,189,404,medium,33,4,2014,0,29093.820366171734
4435,2012,189,404,medium,34,5,2014,0,32091.72767818757
4436,2013,189,404,medium,35,6,2014,0,33546.88455326489
4437,2014,189,404,medium,36,7,2014,1,36154.91055727638
4438,2015,189,404,medium,37,8,2014,1,36518.802586180274
4439,2016,189,404,medium,38,9,2014,1,38700.28606622777
4440,2017,189,404,medium,39,10,2014,1,35486.128860600846
4441,2018,189,404,medium,40,11,2014,1,39146.306109495396
4442,2019,189,404,medium,41,12,2014,1,40303.77194364431
4443,2020,189,404,medium,42,13,2014,1,41060.46041683526
4444,2010,116,405,low,53,7,2012,0,30926.49459499507
4445,2011,116,405,low,54,8,2012,0,33777.28946038212
4446,2012,116,405,low,55,9,2012,1,39043.473494353064
4447,2013,116,405,low,56,10,2012,1,41499.773908818424
4448,2014,116,405,low,57,11,2012,1,42761.489159535966
4449,2015,116,405,low,58,12,2012,1,45293.420814891964
4450,2016,116,405,low,59,13,2012,1,41810.06903926386
4451,2017,116,405,low,60,14,2012,1,42304.85500338157
4452,2018,116,405,low,61,15,2012,1,46099.344037757495
4453,2019,116,405,low,62,16,2012,1,44893.15387706061
4454,2020,116,405,low,63,17,2012,1,47335.30302237595
4455,2010,132,406,medium,47,1,2012,0,34377.456006019675
4456,2011,132,406,medium,48,2,2012,0,31985.766762573458
4457,2012,132,406,medium,49,3,2012,1,37133.743290444385
4458,2013,132,406,medium,50,4,2012,1,37196.975501882145
4459,2014,132,406,medium,51,5,2012,1,42124.103669516946
4460,2015,132,406,medium,52,6,2012,1,43677.19364617402
4461,2016,132,406,medium,53,7,2012,1,45498.72428277276
4462,2017,132,406,medium,54,8,2012,1,43986.21066464648
4463,2018,132,406,medium,55,9,2012,1,45125.67715506997
4464,2019,132,406,medium,56,10,2012,1,42139.96733469263
4465,2020,132,406,medium,57,11,2012,1,41487.168366512284
4466,2010,108,407,high,45,4,2018,0,38500.15866483511
4467,2011,108,407,high,46,5,2018,0,38135.3615044788
4468,2012,108,407,high,47,6,2018,0,38014.888748681784
4469,2013,108,407,high,48,7,2018,0,39074.742961265976
4470,2014,108,407,high,49,8,2018,0,39446.37096491641
4471,2015,108,407,high,50,9,2018,0,41867.633719707126
4472,2016,108,407,high,51,10,2018,0,42389.971169633915
4473,2017,108,407,high,52,11,2018,0,41388.440704680695
4474,2018,108,407,high,53,12,2018,1,47491.60574512585
4475,2019,108,407,high,54,13,2018,1,47328.125104849554
4476,2020,108,407,high,55,14,2018,1,45877.660535930765
4477,2010,142,408,medium,47,4,2018,0,35913.12934982628
4478,2011,142,408,medium,48,5,2018,0,32111.009862281477
4479,2012,142,408,medium,49,6,2018,0,37507.78310459177
4480,2013,142,408,medium,50,7,2018,0,33510.954120467926
4481,2014,142,408,medium,51,8,2018,0,36971.606573589466
4482,2015,142,408,medium,52,9,2018,0,35209.69208314768
4483,2016,142,408,medium,53,10,2018,0,38506.77796614885
4484,2017,142,408,medium,54,11,2018,0,37832.14954814418
4485,2018,142,408,medium,55,12,2018,1,40210.488083673335
4486,2019,142,408,medium,56,13,2018,1,44741.39926203696
4487,2020,142,408,medium,57,14,2018,1,43244.15844633458
4488,2010,147,409,medium,43,7,2018,0,35562.29344162674
4489,2011,147,409,medium,44,8,2018,0,34302.651377468814
4490,2012,147,409,medium,45,9,2018,0,35590.84197077608
4491,2013,147,409,medium,46,10,2018,0,33384.862089969574
4492,2014,147,409,medium,47,11,2018,0,34621.33553714528
4493,2015,147,409,medium,48,12,2018,0,35382.72272779783
4494,2016,147,409,medium,49,13,2018,0,38513.40496048511
4495,2017,147,409,medium,50,14,2018,0,40654.75417561098
4496,2018,147,409,medium,51,15,2018,1,41189.656496514246
4497,2019,147,409,medium,52,16,2018,1,45453.69628931536
4498,2020,147,409,medium,53,17,2018,1,39460.645164548594
4499,2010,138,410,medium,36,8,2018,0,29511.62119781542
4500,2011,138,410,medium,37,9,2018,0,30482.44308762645
4501,2012,138,410,medium,38,10,2018,0,30194.982621118557
4502,2013,138,410,medium,39,11,2018,0,30232.82322042484
4503,2014,138,410,medium,40,12,2018,0,34725.9978242756
4504,2015,138,410,medium,41,13,2018,0,33971.86460454428
4505,2016,138,410,medium,42,14,2018,0,35658.81079521022
4506,2017,138,410,medium,43,15,2018,0,36780.945372243026
4507,2018,138,410,medium,44,16,2018,1,41431.23398634507
4508,2019,138,410,medium,45,17,2018,1,42715.526352300745
4509,2020,138,410,medium,46,18,2018,1,41760.93542751546
4510,2010,192,411,low,42,1,2016,0,27926.01322338851
4511,2011,192,411,low,43,2,2016,0,32915.62836164159
4512,2012,192,411,low,44,3,2016,0,30121.775734437746
4513,2013,192,411,low,45,4,2016,0,29928.807402475148
4514,2014,192,411,low,46,5,2016,0,31944.164248391204
4515,2015,192,411,low,47,6,2016,0,30974.378161406974
4516,2016,192,411,low,48,7,2016,1,37465.13923602113
4517,2017,192,411,low,49,8,2016,1,39488.107843126934
4518,2018,192,411,low,50,9,2016,1,39996.683478492254
4519,2019,192,411,low,51,10,2016,1,38004.339867148745
4520,2020,192,411,low,52,11,2016,1,39324.58925410251
4521,2010,141,412,medium,30,5,2016,0,31648.666009540488
4522,2011,141,412,medium,31,6,2016,0,30992.800235467883
4523,2012,141,412,medium,32,7,2016,0,34650.13007869708
4524,2013,141,412,medium,33,8,2016,0,33360.25634748305
4525,2014,141,412,medium,34,9,2016,0,33788.58613711988
4526,2015,141,412,medium,35,10,2016,0,29224.262899088397
4527,2016,141,412,medium,36,11,2016,1,39027.720703266845
4528,2017,141,412,medium,37,12,2016,1,37893.78639660618
4529,2018,141,412,medium,38,13,2016,1,37398.0363929235
4530,2019,141,412,medium,39,14,2016,1,39336.03068106506
4531,2020,141,412,medium,40,15,2016,1,41390.42306922297
4532,2010,125,413,low,42,7,2017,0,32501.663182008422
4533,2011,125,413,low,43,8,2017,0,30243.05239731588
4534,2012,125,413,low,44,9,2017,0,33984.91782718524
4535,2013,125,413,low,45,10,2017,0,31724.824915848072
4536,2014,125,413,low,46,11,2017,0,33933.366237928574
4537,2015,125,413,low,47,12,2017,0,33393.29986504573
4538,2016,125,413,low,48,13,2017,0,34062.26749652875
4539,2017,125,413,low,49,14,2017,1,41532.48595008102
4540,2018,125,413,low,50,15,2017,1,38419.6125603682
4541,2019,125,413,low,51,16,2017,1,44890.390148553866
4542,2020,125,413,low,52,17,2017,1,37857.82786141101
4543,2010,198,414,low,43,4,2013,0,30004.664633490287
4544,2011,198,414,low,44,5,2013,0,32440.42377988348
4545,2012,198,414,low,45,6,2013,0,33368.62833287062
4546,2013,198,414,low,46,7,2013,1,37499.048558856586
4547,2014,198,414,low,47,8,2013,1,38085.21859399691
4548,2015,198,414,low,48,9,2013,1,39521.100170655234
4549,2016,198,414,low,49,10,2013,1,38737.86104508464
4550,2017,198,414,low,50,11,2013,1,42486.36251586981
4551,2018,198,414,low,51,12,2013,1,41878.6982284632
4552,2019,198,414,low,52,13,2013,1,42445.64870201127
4553,2020,198,414,low,53,14,2013,1,39267.68655325917
4554,2010,149,415,medium,46,4,2014,0,33941.22315118859
4555,2011,149,415,medium,47,5,2014,0,33999.068102558595
4556,2012,149,415,medium,48,6,2014,0,33088.79724862107
4557,2013,149,415,medium,49,7,2014,0,36320.32836789153
4558,2014,149,415,medium,50,8,2014,1,40024.708484440365
4559,2015,149,415,medium,51,9,2014,1,42910.80765970048
4560,2016,149,415,medium,52,10,2014,1,39959.61687421134
4561,2017,149,415,medium,53,11,2014,1,46038.08122568364
4562,2018,149,415,medium,54,12,2014,1,41307.334682815876
4563,2019,149,415,medium,55,13,2014,1,44038.60467440087
4564,2020,149,415,medium,56,14,2014,1,45683.71862077613
4565,2010,124,416,medium,29,4,2014,0,27858.719139599776
4566,2011,124,416,medium,30,5,2014,0,31204.9372868659
4567,2012,124,416,medium,31,6,2014,0,27541.632804399167
4568,2013,124,416,medium,32,7,2014,0,33404.23539836512
4569,2014,124,416,medium,33,8,2014,1,36028.29852993152
4570,2015,124,416,medium,34,9,2014,1,35307.17718406224
4571,2016,124,416,medium,35,10,2014,1,36401.63645514513
4572,2017,124,416,medium,36,11,2014,1,39117.838538785436
4573,2018,124,416,medium,37,12,2014,1,36831.089416299124
4574,2019,124,416,medium,38,13,2014,1,37001.284621154446
4575,2020,124,416,medium,39,14,2014,1,38556.926804832525
4576,2010,123,417,medium,48,6,2018,0,32746.075774460063
4577,2011,123,417,medium,49,7,2018,0,39241.08781588363
4578,2012,123,417,medium,50,8,2018,0,34967.21081757055
4579,2013,123,417,medium,51,9,2018,0,38263.233572360805
4580,2014,123,417,medium,52,10,2018,0,37518.94016729554
4581,2015,123,417,medium,53,11,2018,0,35630.93189903606
4582,2016,123,417,medium,54,12,2018,0,38088.09058157454
4583,2017,123,417,medium,55,13,2018,0,40168.005558621495
4584,2018,123,417,medium,56,14,2018,1,43723.47732982739
4585,2019,123,417,medium,57,15,2018,1,46986.22589170206
4586,2020,123,417,medium,58,16,2018,1,47143.03078556373
4587,2010,112,418,low,33,7,2017,0,30637.82970931666
4588,2011,112,418,low,34,8,2017,0,28380.686455454008
4589,2012,112,418,low,35,9,2017,0,27640.315104437024
4590,2013,112,418,low,36,10,2017,0,29072.82478927441
4591,2014,112,418,low,37,11,2017,0,31192.481881333442
4592,2015,112,418,low,38,12,2017,0,32391.57342706471
4593,2016,112,418,low,39,13,2017,0,27456.857190479106
4594,2017,112,418,low,40,14,2017,1,37283.7735967765
4595,2018,112,418,low,41,15,2017,1,38116.17845064637
4596,2019,112,418,low,42,16,2017,1,37744.911487368896
4597,2020,112,418,low,43,17,2017,1,41382.547678031755
4598,2010,159,419,medium,51,2,2015,0,36043.56014850174
4599,2011,159,419,medium,52,3,2015,0,38320.3838161618
4600,2012,159,419,medium,53,4,2015,0,35768.078959299535
4601,2013,159,419,medium,54,5,2015,0,38574.95498501385
4602,2014,159,419,medium,55,6,2015,0,40470.13278905504
4603,2015,159,419,medium,56,7,2015,1,45323.38689854532
4604,2016,159,419,medium,57,8,2015,1,41015.716813142535
4605,2017,159,419,medium,58,9,2015,1,43192.647844915235
4606,2018,159,419,medium,59,10,2015,1,43509.67058910041
4607,2019,159,419,medium,60,11,2015,1,45678.50907015266
4608,2020,159,419,medium,61,12,2015,1,46572.70711002906
4609,2010,106,420,medium,27,5,2013,0,26922.21465194853
4610,2011,106,420,medium,28,6,2013,0,29235.677027833874
4611,2012,106,420,medium,29,7,2013,0,25560.14533568773
4612,2013,106,420,medium,30,8,2013,1,37983.89001160378
4613,2014,106,420,medium,31,9,2013,1,34575.25151864661
4614,2015,106,420,medium,32,10,2013,1,36211.727879688995
4615,2016,106,420,medium,33,11,2013,1,35980.700572023874
4616,2017,106,420,medium,34,12,2013,1,39392.055150026834
4617,2018,106,420,medium,35,13,2013,1,31924.98711720524
4618,2019,106,420,medium,36,14,2013,1,38066.77931534818
4619,2020,106,420,medium,37,15,2013,1,38388.3624850046
4620,2010,156,421,medium,52,4,2017,0,34992.727224816634
4621,2011,156,421,medium,53,5,2017,0,39852.453091271265
4622,2012,156,421,medium,54,6,2017,0,35125.341082288454
4623,2013,156,421,medium,55,7,2017,0,38943.59235447132
4624,2014,156,421,medium,56,8,2017,0,38612.505577412165
4625,2015,156,421,medium,57,9,2017,0,40923.03850507103
4626,2016,156,421,medium,58,10,2017,0,37565.62183044499
4627,2017,156,421,medium,59,11,2017,1,42934.06220175248
4628,2018,156,421,medium,60,12,2017,1,47092.1398149548
4629,2019,156,421,medium,61,13,2017,1,46250.64261666022
4630,2020,156,421,medium,62,14,2017,1,42810.125306646485
4631,2010,135,422,medium,34,3,2013,0,29221.38997107346
4632,2011,135,422,medium,35,4,2013,0,31572.76530769612
4633,2012,135,422,medium,36,5,2013,0,32975.52844309318
4634,2013,135,422,medium,37,6,2013,1,35441.53869361409
4635,2014,135,422,medium,38,7,2013,1,31471.488020366116
4636,2015,135,422,medium,39,8,2013,1,38846.44637147406
4637,2016,135,422,medium,40,9,2013,1,35859.35862011205
4638,2017,135,422,medium,41,10,2013,1,34765.32240375518
4639,2018,135,422,medium,42,11,2013,1,33635.34815003172
4640,2019,135,422,medium,43,12,2013,1,41427.961720395484
4641,2020,135,422,medium,44,13,2013,1,40557.23490080993
4642,2010,144,423,medium,43,7,2013,0,33348.6872385755
4643,2011,144,423,medium,44,8,2013,0,37078.048725925524
4644,2012,144,423,medium,45,9,2013,0,36074.64936604614
4645,2013,144,423,medium,46,10,2013,1,43532.60008544383
4646,2014,144,423,medium,47,11,2013,1,38014.529055666004
4647,2015,144,423,medium,48,12,2013,1,41230.89875209207
4648,2016,144,423,medium,49,13,2013,1,38566.573250103975
4649,2017,144,423,medium,50,14,2013,1,41841.235336289064
4650,2018,144,423,medium,51,15,2013,1,42302.768292466644
4651,2019,144,423,medium,52,16,2013,1,44553.22727452614
4652,2020,144,423,medium,53,17,2013,1,43891.127762283795
4653,2010,119,424,medium,27,6,2013,0,30046.81427655983
4654,2011,119,424,medium,28,7,2013,0,30706.88026627779
4655,2012,119,424,medium,29,8,2013,0,34109.85735476628
4656,2013,119,424,medium,30,9,2013,1,34669.40668942775
4657,2014,119,424,medium,31,10,2013,1,33917.954598667246
4658,2015,119,424,medium,32,11,2013,1,36792.16723063282
4659,2016,119,424,medium,33,12,2013,1,35195.439945720915
4660,2017,119,424,medium,34,13,2013,1,40263.92153687307
4661,2018,119,424,medium,35,14,2013,1,37233.56392210953
4662,2019,119,424,medium,36,15,2013,1,37168.84726425202
4663,2020,119,424,medium,37,16,2013,1,37857.368557697766
4664,2010,164,425,medium,53,7,2017,0,38236.83484694328
4665,2011,164,425,medium,54,8,2017,0,36984.50603353703
4666,2012,164,425,medium,55,9,2017,0,36516.66635973923
4667,2013,164,425,medium,56,10,2017,0,41630.70383524706
4668,2014,164,425,medium,57,11,2017,0,37087.6603186765
4669,2015,164,425,medium,58,12,2017,0,39371.13214806599
4670,2016,164,425,medium,59,13,2017,0,41104.61230322046
4671,2017,164,425,medium,60,14,2017,1,42037.329779165855
4672,2018,164,425,medium,61,15,2017,1,46760.52100281185
4673,2019,164,425,medium,62,16,2017,1,44189.7846490391
4674,2020,164,425,medium,63,17,2017,1,48445.565561668
4675,2010,107,426,high,53,5,2018,0,37474.697976162046
4676,2011,107,426,high,54,6,2018,0,41285.53806369772
4677,2012,107,426,high,55,7,2018,0,42611.666132589424
4678,2013,107,426,high,56,8,2018,0,42622.87305126561
4679,2014,107,426,high,57,9,2018,0,41902.633296476204
4680,2015,107,426,high,58,10,2018,0,41437.398114140604
4681,2016,107,426,high,59,11,2018,0,41247.16084733031
4682,2017,107,426,high,60,12,2018,0,45842.06938163421
4683,2018,107,426,high,61,13,2018,1,47001.009559664715
4684,2019,107,426,high,62,14,2018,1,46825.86785286001
4685,2020,107,426,high,63,15,2018,1,50730.73787006566
4686,2010,115,427,medium,46,6,2014,0,32907.72639362701
4687,2011,115,427,medium,47,7,2014,0,33099.87300506775
4688,2012,115,427,medium,48,8,2014,0,32612.79147566047
4689,2013,115,427,medium,49,9,2014,0,35034.180321078966
4690,2014,115,427,medium,50,10,2014,1,41334.56995220701
4691,2015,115,427,medium,51,11,2014,1,42486.1834553214
4692,2016,115,427,medium,52,12,2014,1,44402.61248859897
4693,2017,115,427,medium,53,13,2014,1,44053.79584733159
4694,2018,115,427,medium,54,14,2014,1,43118.25556089364
4695,2019,115,427,medium,55,15,2014,1,43603.60864724056
4696,2020,115,427,medium,56,16,2014,1,45520.314937830364
4697,2010,113,428,medium,39,5,2014,0,34745.14032585714
4698,2011,113,428,medium,40,6,2014,0,32952.6283989664
4699,2012,113,428,medium,41,7,2014,0,32261.738291579182
4700,2013,113,428,medium,42,8,2014,0,31714.26799782891
4701,2014,113,428,medium,43,9,2014,1,36309.589471175546
4702,2015,113,428,medium,44,10,2014,1,41032.53934408705
4703,2016,113,428,medium,45,11,2014,1,41355.95704727912
4704,2017,113,428,medium,46,12,2014,1,41854.727050213325
4705,2018,113,428,medium,47,13,2014,1,40942.68110729589
4706,2019,113,428,medium,48,14,2014,1,44513.8694917835
4707,2020,113,428,medium,49,15,2014,1,41231.763010830364
4708,2010,175,429,medium,25,7,2018,0,30310.53847441441
4709,2011,175,429,medium,26,8,2018,0,28822.514210020912
4710,2012,175,429,medium,27,9,2018,0,28183.298470641326
4711,2013,175,429,medium,28,10,2018,0,31085.060614635524
4712,2014,175,429,medium,29,11,2018,0,31219.272237367986
4713,2015,175,429,medium,30,12,2018,0,31613.945518533852
4714,2016,175,429,medium,31,13,2018,0,31562.556844112398
4715,2017,175,429,medium,32,14,2018,0,31824.213836566338
4716,2018,175,429,medium,33,15,2018,1,42176.743985740875
4717,2019,175,429,medium,34,16,2018,1,40268.513290392344
4718,2020,175,429,medium,35,17,2018,1,39845.653789971024
4719,2010,186,430,medium,31,2,2013,0,29423.598316406777
4720,2011,186,430,medium,32,3,2013,0,31714.31440119334
4721,2012,186,430,medium,33,4,2013,0,31235.989552782903
4722,2013,186,430,medium,34,5,2013,1,35752.40950554807
4723,2014,186,430,medium,35,6,2013,1,35592.87134946817
4724,2015,186,430,medium,36,7,2013,1,36538.16532467462
4725,2016,186,430,medium,37,8,2013,1,30859.148528243888
4726,2017,186,430,medium,38,9,2013,1,38121.20167859528
4727,2018,186,430,medium,39,10,2013,1,37223.04783977928
4728,2019,186,430,medium,40,11,2013,1,41885.339996565766
4729,2020,186,430,medium,41,12,2013,1,39238.68814162351
4730,2010,114,431,high,36,5,2015,0,31922.073160930075
4731,2011,114,431,high,37,6,2015,0,34700.239691743765
4732,2012,114,431,high,38,7,2015,0,33207.757829874994
4733,2013,114,431,high,39,8,2015,0,36746.814831424934
4734,2014,114,431,high,40,9,2015,0,36881.89472867897
4735,2015,114,431,high,41,10,2015,1,43715.67926221654
4736,2016,114,431,high,42,11,2015,1,40718.23641661087
4737,2017,114,431,high,43,12,2015,1,42868.01619245629
4738,2018,114,431,high,44,13,2015,1,40569.95640914673
4739,2019,114,431,high,45,14,2015,1,45202.98956384943
4740,2020,114,431,high,46,15,2015,1,45337.74236088024
4741,2010,191,432,medium,41,6,2012,0,33991.610042055145
4742,2011,191,432,medium,42,7,2012,0,33503.238062713885
4743,2012,191,432,medium,43,8,2012,1,39829.54578157758
4744,2013,191,432,medium,44,9,2012,1,42708.67821661719
4745,2014,191,432,medium,45,10,2012,1,39429.81148591597
4746,2015,191,432,medium,46,11,2012,1,40777.290367420166
4747,2016,191,432,medium,47,12,2012,1,38827.74740163718
4748,2017,191,432,medium,48,13,2012,1,39763.47807680334
4749,2018,191,432,medium,49,14,2012,1,42195.62658618661
4750,2019,191,432,medium,50,15,2012,1,44707.86709340382
4751,2020,191,432,medium,51,16,2012,1,42487.43835149686
4752,2010,197,433,medium,54,6,2017,0,36428.166941375755
4753,2011,197,433,medium,55,7,2017,0,36586.22951099125
4754,2012,197,433,medium,56,8,2017,0,36830.486658311354
4755,2013,197,433,medium,57,9,2017,0,38989.942911417646
4756,2014,197,433,medium,58,10,2017,0,35905.48470964271
4757,2015,197,433,medium,59,11,2017,0,41961.87915333346
4758,2016,197,433,medium,60,12,2017,0,38569.15540374108
4759,2017,197,433,medium,61,13,2017,1,46843.806970876285
4760,2018,197,433,medium,62,14,2017,1,43360.00280521225
4761,2019,197,433,medium,63,15,2017,1,47737.680261092435
4762,2020,197,433,medium,64,16,2017,1,48243.889215628995
4763,2010,165,434,medium,45,5,2012,0,34768.404144011794
4764,2011,165,434,medium,46,6,2012,0,32511.142956400414
4765,2012,165,434,medium,47,7,2012,1,40499.096379196155
4766,2013,165,434,medium,48,8,2012,1,38133.88763053122
4767,2014,165,434,medium,49,9,2012,1,40494.47348980763
4768,2015,165,434,medium,50,10,2012,1,43558.826201910655
4769,2016,165,434,medium,51,11,2012,1,43593.403854141485
4770,2017,165,434,medium,52,12,2012,1,42530.365885080864
4771,2018,165,434,medium,53,13,2012,1,41050.38684815432
4772,2019,165,434,medium,54,14,2012,1,44791.17542434839
4773,2020,165,434,medium,55,15,2012,1,44038.76247539605
4774,2010,131,435,medium,50,7,2018,0,31259.368803539153
4775,2011,131,435,medium,51,8,2018,0,37965.25965263304
4776,2012,131,435,medium,52,9,2018,0,36851.53433226061
4777,2013,131,435,medium,53,10,2018,0,39804.90249596615
4778,2014,131,435,medium,54,11,2018,0,35709.45896231439
4779,2015,131,435,medium,55,12,2018,0,32046.592373608
4780,2016,131,435,medium,56,13,2018,0,39458.16771669037
4781,2017,131,435,medium,57,14,2018,0,39983.12735336395
4782,2018,131,435,medium,58,15,2018,1,41518.6567447871
4783,2019,131,435,medium,59,16,2018,1,43443.00090826679
4784,2020,131,435,medium,60,17,2018,1,51410.435487439805
4785,2010,186,436,medium,53,8,2015,0,36388.77877169239
4786,2011,186,436,medium,54,9,2015,0,38961.91795275243
4787,2012,186,436,medium,55,10,2015,0,36698.68034526323
4788,2013,186,436,medium,56,11,2015,0,34319.39420229368
4789,2014,186,436,medium,57,12,2015,0,38659.483506408185
4790,2015,186,436,medium,58,13,2015,1,43968.79087942779
4791,2016,186,436,medium,59,14,2015,1,44200.24352266326
4792,2017,186,436,medium,60,15,2015,1,45270.71832898721
4793,2018,186,436,medium,61,16,2015,1,46528.53654329127
4794,2019,186,436,medium,62,17,2015,1,46199.766097492386
4795,2020,186,436,medium,63,18,2015,1,44471.98766410527
4796,2010,162,437,high,48,7,2017,0,39272.36958312388
4797,2011,162,437,high,49,8,2017,0,34901.25648935515
4798,2012,162,437,high,50,9,2017,0,35199.2850854316
4799,2013,162,437,high,51,10,2017,0,41278.36098940313
4800,2014,162,437,high,52,11,2017,0,41314.04054427071
4801,2015,162,437,high,53,12,2017,0,40685.20926985193
4802,2016,162,437,high,54,13,2017,0,38509.10299048985
4803,2017,162,437,high,55,14,2017,1,45384.17811865185
4804,2018,162,437,high,56,15,2017,1,46774.50650462699
4805,2019,162,437,high,57,16,2017,1,44608.21206285177
4806,2020,162,437,high,58,17,2017,1,46821.94268395354
4807,2010,185,438,medium,44,5,2018,0,35004.66067635336
4808,2011,185,438,medium,45,6,2018,0,37054.61072857843
4809,2012,185,438,medium,46,7,2018,0,33861.1304946829
4810,2013,185,438,medium,47,8,2018,0,36712.976708632195
4811,2014,185,438,medium,48,9,2018,0,31871.879858825065
4812,2015,185,438,medium,49,10,2018,0,37518.902482227226
4813,2016,185,438,medium,50,11,2018,0,35092.10317054504
4814,2017,185,438,medium,51,12,2018,0,37814.69123341594
4815,2018,185,438,medium,52,13,2018,1,42204.49516352058
4816,2019,185,438,medium,53,14,2018,1,45840.82801956767
4817,2020,185,438,medium,54,15,2018,1,41951.128703320166
4818,2010,150,439,medium,29,1,2013,0,29655.212595123663
4819,2011,150,439,medium,30,2,2013,0,28340.985073406933
4820,2012,150,439,medium,31,3,2013,0,29083.38904398067
4821,2013,150,439,medium,32,4,2013,1,34532.29221368158
4822,2014,150,439,medium,33,5,2013,1,33708.65379101178
4823,2015,150,439,medium,34,6,2013,1,35871.802068186655
4824,2016,150,439,medium,35,7,2013,1,36274.70355575636
4825,2017,150,439,medium,36,8,2013,1,37382.480496813456
4826,2018,150,439,medium,37,9,2013,1,37569.010291385726
4827,2019,150,439,medium,38,10,2013,1,39495.98909922447
4828,2020,150,439,medium,39,11,2013,1,40247.01723209474
4829,2010,124,440,high,28,5,2014,0,29798.753356344398
4830,2011,124,440,high,29,6,2014,0,34137.54500118154
4831,2012,124,440,high,30,7,2014,0,30527.32714578029
4832,2013,124,440,high,31,8,2014,0,34575.71177627547
4833,2014,124,440,high,32,9,2014,1,40139.47756940574
4834,2015,124,440,high,33,10,2014,1,35577.36621667499
4835,2016,124,440,high,34,11,2014,1,40085.95849305882
4836,2017,124,440,high,35,12,2014,1,39463.007773279365
4837,2018,124,440,high,36,13,2014,1,39382.46948412925
4838,2019,124,440,high,37,14,2014,1,44101.70466139801
4839,2020,124,440,high,38,15,2014,1,40592.641718725165
4840,2010,157,441,low,52,2,2012,0,31887.2461417639
4841,2011,157,441,low,53,3,2012,0,34151.38988001019
4842,2012,157,441,low,54,4,2012,1,40871.179492596835
4843,2013,157,441,low,55,5,2012,1,39716.702827979745
4844,2014,157,441,low,56,6,2012,1,42832.7410913385
4845,2015,157,441,low,57,7,2012,1,42061.95132392818
4846,2016,157,441,low,58,8,2012,1,37143.577360537136
4847,2017,157,441,low,59,9,2012,1,40941.06607298598
4848,2018,157,441,low,60,10,2012,1,41376.3158012966
4849,2019,157,441,low,61,11,2012,1,43958.721906858846
4850,2020,157,441,low,62,12,2012,1,38250.36588725178
4851,2010,162,442,low,36,5,2016,0,34398.01941743545
4852,2011,162,442,low,37,6,2016,0,30862.05218978842
4853,2012,162,442,low,38,7,2016,0,30597.75360783538
4854,2013,162,442,low,39,8,2016,0,33163.135432838295
4855,2014,162,442,low,40,9,2016,0,35987.30810562525
4856,2015,162,442,low,41,10,2016,0,33541.493289176804
4857,2016,162,442,low,42,11,2016,1,39197.62619294324
4858,2017,162,442,low,43,12,2016,1,38061.38004892877
4859,2018,162,442,low,44,13,2016,1,38016.9484932661
4860,2019,162,442,low,45,14,2016,1,37848.4091119902
4861,2020,162,442,low,46,15,2016,1,37647.77601657092
4862,2010,161,443,medium,54,5,2016,0,35325.97180060101
4863,2011,161,443,medium,55,6,2016,0,34498.88807131403
4864,2012,161,443,medium,56,7,2016,0,37548.257098629954
4865,2013,161,443,medium,57,8,2016,0,34830.664845547224
4866,2014,161,443,medium,58,9,2016,0,39081.83304828742
4867,2015,161,443,medium,59,10,2016,0,39127.338783915315
4868,2016,161,443,medium,60,11,2016,1,44993.87059677338
4869,2017,161,443,medium,61,12,2016,1,44155.736859960016
4870,2018,161,443,medium,62,13,2016,1,51853.72074036101
4871,2019,161,443,medium,63,14,2016,1,48920.23180036063
4872,2020,161,443,medium,64,15,2016,1,44210.91499983055
4873,2010,121,444,high,44,2,2015,0,36565.736174853795
4874,2011,121,444,high,45,3,2015,0,35383.98771412535
4875,2012,121,444,high,46,4,2015,0,35071.04054658517
4876,2013,121,444,high,47,5,2015,0,34919.85585775213
4877,2014,121,444,high,48,6,2015,0,38964.43338151851
4878,2015,121,444,high,49,7,2015,1,42237.23952986085
4879,2016,121,444,high,50,8,2015,1,46035.65204805041
4880,2017,121,444,high,51,9,2015,1,46587.564429060876
4881,2018,121,444,high,52,10,2015,1,47847.8287704229
4882,2019,121,444,high,53,11,2015,1,43895.22646785179
4883,2020,121,444,high,54,12,2015,1,47050.73122138402
4884,2010,157,445,low,52,5,2013,0,35364.9084332846
4885,2011,157,445,low,53,6,2013,0,33651.64364979207
4886,2012,157,445,low,54,7,2013,0,33556.45608521425
4887,2013,157,445,low,55,8,2013,1,43819.04133155195
4888,2014,157,445,low,56,9,2013,1,41554.991751464106
4889,2015,157,445,low,57,10,2013,1,42871.935501423475
4890,2016,157,445,low,58,11,2013,1,40455.84797634414
4891,2017,157,445,low,59,12,2013,1,40161.431066955614
4892,2018,157,445,low,60,13,2013,1,41961.10045101578
4893,2019,157,445,low,61,14,2013,1,43351.95722522001
4894,2020,157,445,low,62,15,2013,1,41971.559986365304
4895,2010,157,446,low,48,4,2012,0,32680.310382699234
4896,2011,157,446,low,49,5,2012,0,29822.989623863
4897,2012,157,446,low,50,6,2012,1,36459.90515506025
4898,2013,157,446,low,51,7,2012,1,40541.82249655375
4899,2014,157,446,low,52,8,2012,1,40907.581040555786
4900,2015,157,446,low,53,9,2012,1,39416.246469226266
4901,2016,157,446,low,54,10,2012,1,38664.471381846095
4902,2017,157,446,low,55,11,2012,1,39145.19289694798
4903,2018,157,446,low,56,12,2012,1,40953.46350811737
4904,2019,157,446,low,57,13,2012,1,43489.036983290585
4905,2020,157,446,low,58,14,2012,1,44556.49138268865
4906,2010,185,447,low,42,1,2013,0,29306.936529036062
4907,2011,185,447,low,43,2,2013,0,28493.015148030434
4908,2012,185,447,low,44,3,2013,0,31835.687275732667
4909,2013,185,447,low,45,4,2013,1,35152.9300587483
4910,2014,185,447,low,46,5,2013,1,36263.494722277595
4911,2015,185,447,low,47,6,2013,1,40450.552180874074
4912,2016,185,447,low,48,7,2013,1,39954.23085713154
4913,2017,185,447,low,49,8,2013,1,39115.948624502904
4914,2018,185,447,low,50,9,2013,1,36756.16199777456
4915,2019,185,447,low,51,10,2013,1,40222.79313494132
4916,2020,185,447,low,52,11,2013,1,42425.314581575054
4917,2010,148,448,low,41,3,2012,0,29648.73266846893
4918,2011,148,448,low,42,4,2012,0,33602.228179973434
4919,2012,148,448,low,43,5,2012,1,38985.490579036414
4920,2013,148,448,low,44,6,2012,1,40227.465664286945
4921,2014,148,448,low,45,7,2012,1,38010.48625306271
4922,2015,148,448,low,46,8,2012,1,39074.783399612024
4923,2016,148,448,low,47,9,2012,1,41228.37457666218
4924,2017,148,448,low,48,10,2012,1,39794.78787413795
4925,2018,148,448,low,49,11,2012,1,38397.531784419574
4926,2019,148,448,low,50,12,2012,1,39002.91432694428
4927,2020,148,448,low,51,13,2012,1,40877.10990754748
4928,2010,151,449,low,43,1,2015,0,28018.877156107563
4929,2011,151,449,low,44,2,2015,0,30813.482169271614
4930,2012,151,449,low,45,3,2015,0,33793.09423646051
4931,2013,151,449,low,46,4,2015,0,27717.492297669436
4932,2014,151,449,low,47,5,2015,0,35668.96420358903
4933,2015,151,449,low,48,6,2015,1,40344.74843740632
4934,2016,151,449,low,49,7,2015,1,37680.470768339044
4935,2017,151,449,low,50,8,2015,1,40186.781655743616
4936,2018,151,449,low,51,9,2015,1,39606.29545381265
4937,2019,151,449,low,52,10,2015,1,42559.98073687737
4938,2020,151,449,low,53,11,2015,1,42565.36628553988
4939,2010,141,450,medium,33,5,2015,0,27599.85855363398
4940,2011,141,450,medium,34,6,2015,0,32074.524826928355
4941,2012,141,450,medium,35,7,2015,0,30988.744292713505
4942,2013,141,450,medium,36,8,2015,0,32065.6651410362
4943,2014,141,450,medium,37,9,2015,0,30943.65619806037
4944,2015,141,450,medium,38,10,2015,1,41396.27413824167
4945,2016,141,450,medium,39,11,2015,1,40480.123639805155
4946,2017,141,450,medium,40,12,2015,1,37420.457672054064
4947,2018,141,450,medium,41,13,2015,1,36730.77878617954
4948,2019,141,450,medium,42,14,2015,1,39128.6547380443
4949,2020,141,450,medium,43,15,2015,1,41269.00529218261
4950,2010,169,451,medium,28,4,2016,0,29180.411687892447
4951,2011,169,451,medium,29,5,2016,0,31706.265649536486
4952,2012,169,451,medium,30,6,2016,0,31279.839444361703
4953,2013,169,451,medium,31,7,2016,0,32139.13805150581
4954,2014,169,451,medium,32,8,2016,0,31353.710801220874
4955,2015,169,451,medium,33,9,2016,0,28421.40253957802
4956,2016,169,451,medium,34,10,2016,1,36308.6029377062
4957,2017,169,451,medium,35,11,2016,1,39320.17947981733
4958,2018,169,451,medium,36,12,2016,1,37596.95414295071
4959,2019,169,451,medium,37,13,2016,1,39206.180737247494
4960,2020,169,451,medium,38,14,2016,1,38062.503369507736
4961,2010,114,452,low,50,7,2013,0,31840.37630291631
4962,2011,114,452,low,51,8,2013,0,34153.311871907776
4963,2012,114,452,low,52,9,2013,0,35518.09488606531
4964,2013,114,452,low,53,10,2013,1,39088.624561077115
4965,2014,114,452,low,54,11,2013,1,40428.57751028666
4966,2015,114,452,low,55,12,2013,1,39521.07351602803
4967,2016,114,452,low,56,13,2013,1,44138.48983512819
4968,2017,114,452,low,57,14,2013,1,41811.08848482393
4969,2018,114,452,low,58,15,2013,1,45805.51109025237
4970,2019,114,452,low,59,16,2013,1,46457.49570108182
4971,2020,114,452,low,60,17,2013,1,43737.908070556514
4972,2010,153,453,medium,45,5,2017,0,31983.1025349053
4973,2011,153,453,medium,46,6,2017,0,30328.204244533325
4974,2012,153,453,medium,47,7,2017,0,32055.925853946417
4975,2013,153,453,medium,48,8,2017,0,32752.33035020268
4976,2014,153,453,medium,49,9,2017,0,38756.93925492301
4977,2015,153,453,medium,50,10,2017,0,36731.649174453894
4978,2016,153,453,medium,51,11,2017,0,37779.20904818398
4979,2017,153,453,medium,52,12,2017,1,38059.15798212975
4980,2018,153,453,medium,53,13,2017,1,40604.06714156548
4981,2019,153,453,medium,54,14,2017,1,45274.159552892575
4982,2020,153,453,medium,55,15,2017,1,44573.548224765174
4983,2010,159,454,low,26,4,2016,0,25805.589442628807
4984,2011,159,454,low,27,5,2016,0,27729.684717200245
4985,2012,159,454,low,28,6,2016,0,30371.59561227163
4986,2013,159,454,low,29,7,2016,0,27157.915072925898
4987,2014,159,454,low,30,8,2016,0,28238.73960531614
4988,2015,159,454,low,31,9,2016,0,28985.19383746261
4989,2016,159,454,low,32,10,2016,1,38884.21927054798
4990,2017,159,454,low,33,11,2016,1,30401.287471161948
4991,2018,159,454,low,34,12,2016,1,36466.446029577615
4992,2019,159,454,low,35,13,2016,1,35370.39550248187
4993,2020,159,454,low,36,14,2016,1,37233.54345236836
4994,2010,196,455,medium,28,2,2013,0,26985.25489201055
4995,2011,196,455,medium,29,3,2013,0,28702.0699382831
4996,2012,196,455,medium,30,4,2013,0,30722.82115893099
4997,2013,196,455,medium,31,5,2013,1,41025.82040208768
4998,2014,196,455,medium,32,6,2013,1,36916.07237880414
4999,2015,196,455,medium,33,7,2013,1,34103.86880393898
5000,2016,196,455,medium,34,8,2013,1,35452.48063595459
5001,2017,196,455,medium,35,9,2013,1,35893.17178323229
5002,2018,196,455,medium,36,10,2013,1,33708.71365473997
5003,2019,196,455,medium,37,11,2013,1,37139.819616597124
5004,2020,196,455,medium,38,12,2013,1,39765.65816364349
5005,2010,107,456,medium,26,4,2016,0,25551.53576184641
5006,2011,107,456,medium,27,5,2016,0,30696.965302101184
5007,2012,107,456,medium,28,6,2016,0,30075.549642168677
5008,2013,107,456,medium,29,7,2016,0,28131.533356057924
5009,2014,107,456,medium,30,8,2016,0,29816.940725324304
5010,2015,107,456,medium,31,9,2016,0,33796.64361528207
5011,2016,107,456,medium,32,10,2016,1,37567.09562701173
5012,2017,107,456,medium,33,11,2016,1,36617.56730979629
5013,2018,107,456,medium,34,12,2016,1,36624.63336607803
5014,2019,107,456,medium,35,13,2016,1,37753.21814090332
5015,2020,107,456,medium,36,14,2016,1,37076.47288411539
5016,2010,152,457,medium,39,2,2017,0,27390.500988561973
5017,2011,152,457,medium,40,3,2017,0,36184.35582106946
5018,2012,152,457,medium,41,4,2017,0,32910.6499983988
5019,2013,152,457,medium,42,5,2017,0,33896.294530245075
5020,2014,152,457,medium,43,6,2017,0,33484.184500246185
5021,2015,152,457,medium,44,7,2017,0,32629.766398550822
5022,2016,152,457,medium,45,8,2017,0,34228.15103810246
5023,2017,152,457,medium,46,9,2017,1,36901.21047561138
5024,2018,152,457,medium,47,10,2017,1,45154.17299610661
5025,2019,152,457,medium,48,11,2017,1,38630.97600315521
5026,2020,152,457,medium,49,12,2017,1,39536.067432305645
5027,2010,159,458,low,26,8,2014,0,26019.4815912272
5028,2011,159,458,low,27,9,2014,0,29976.151449704754
5029,2012,159,458,low,28,10,2014,0,27929.01799852531
5030,2013,159,458,low,29,11,2014,0,25927.728407939074
5031,2014,159,458,low,30,12,2014,1,36408.67672151468
5032,2015,159,458,low,31,13,2014,1,35862.00125357096
5033,2016,159,458,low,32,14,2014,1,35976.86991443291
5034,2017,159,458,low,33,15,2014,1,36831.46848234168
5035,2018,159,458,low,34,16,2014,1,40688.7238011649
5036,2019,159,458,low,35,17,2014,1,40770.189790072225
5037,2020,159,458,low,36,18,2014,1,35526.56931399341
5038,2010,104,459,medium,28,3,2014,0,31747.769985622304
5039,2011,104,459,medium,29,4,2014,0,29766.3363795178
5040,2012,104,459,medium,30,5,2014,0,30498.1916322755
5041,2013,104,459,medium,31,6,2014,0,26615.458336713342
5042,2014,104,459,medium,32,7,2014,1,35159.228469223606
5043,2015,104,459,medium,33,8,2014,1,34374.35281932687
5044,2016,104,459,medium,34,9,2014,1,38156.11762978662
5045,2017,104,459,medium,35,10,2014,1,39142.16100080561
5046,2018,104,459,medium,36,11,2014,1,33351.027297967375
5047,2019,104,459,medium,37,12,2014,1,37955.930271991456
5048,2020,104,459,medium,38,13,2014,1,40743.7230095885
5049,2010,167,460,low,30,9,2014,0,27926.64207537311
5050,2011,167,460,low,31,10,2014,0,30258.12729000473
5051,2012,167,460,low,32,11,2014,0,30002.33093525417
5052,2013,167,460,low,33,12,2014,0,30483.320463905253
5053,2014,167,460,low,34,13,2014,1,34757.370043863404
5054,2015,167,460,low,35,14,2014,1,33366.83839172858
5055,2016,167,460,low,36,15,2014,1,34056.93970514995
5056,2017,167,460,low,37,16,2014,1,38218.705028910634
5057,2018,167,460,low,38,17,2014,1,37338.916511037765
5058,2019,167,460,low,39,18,2014,1,37522.97551078555
5059,2020,167,460,low,40,19,2014,1,37452.219915355294
5060,2010,105,461,high,31,4,2014,0,31989.622309038496
5061,2011,105,461,high,32,5,2014,0,35193.82358897628
5062,2012,105,461,high,33,6,2014,0,32929.51183626395
5063,2013,105,461,high,34,7,2014,0,31417.870573396864
5064,2014,105,461,high,35,8,2014,1,41087.303551080346
5065,2015,105,461,high,36,9,2014,1,39690.246672270565
5066,2016,105,461,high,37,10,2014,1,40662.791731065554
5067,2017,105,461,high,38,11,2014,1,44315.15661279902
5068,2018,105,461,high,39,12,2014,1,41558.87888529899
5069,2019,105,461,high,40,13,2014,1,42678.36734623745
5070,2020,105,461,high,41,14,2014,1,40242.15301740335
5071,2010,195,462,medium,34,6,2018,0,30460.66109529808
5072,2011,195,462,medium,35,7,2018,0,32619.0520904172
5073,2012,195,462,medium,36,8,2018,0,28789.252532317514
5074,2013,195,462,medium,37,9,2018,0,32801.69018623142
5075,2014,195,462,medium,38,10,2018,0,33101.58214528961
5076,2015,195,462,medium,39,11,2018,0,33482.57491117488
5077,2016,195,462,medium,40,12,2018,0,35974.317797316486
5078,2017,195,462,medium,41,13,2018,0,35068.87702969704
5079,2018,195,462,medium,42,14,2018,1,42856.14379671289
5080,2019,195,462,medium,43,15,2018,1,38412.820968811924
5081,2020,195,462,medium,44,16,2018,1,41171.8491344367
5082,2010,193,463,medium,43,5,2012,0,33568.9335727799
5083,2011,193,463,medium,44,6,2012,0,31761.491012489838
5084,2012,193,463,medium,45,7,2012,1,41312.59000418269
5085,2013,193,463,medium,46,8,2012,1,44549.34661170564
5086,2014,193,463,medium,47,9,2012,1,40365.98785103234
5087,2015,193,463,medium,48,10,2012,1,41910.04217654753
5088,2016,193,463,medium,49,11,2012,1,41569.03695163065
5089,2017,193,463,medium,50,12,2012,1,40472.830660185646
5090,2018,193,463,medium,51,13,2012,1,38758.47944439597
5091,2019,193,463,medium,52,14,2012,1,41488.453033809266
5092,2020,193,463,medium,53,15,2012,1,40616.08323809654
5093,2010,146,464,low,43,1,2018,0,34008.204156118234
5094,2011,146,464,low,44,2,2018,0,30869.78061215352
5095,2012,146,464,low,45,3,2018,0,30908.16134190566
5096,2013,146,464,low,46,4,2018,0,33878.30764957561
5097,2014,146,464,low,47,5,2018,0,30356.497794288225
5098,2015,146,464,low,48,6,2018,0,31566.271923990895
5099,2016,146,464,low,49,7,2018,0,33736.14453849724
5100,2017,146,464,low,50,8,2018,0,36157.53798284696
5101,2018,146,464,low,51,9,2018,1,40603.37009033758
5102,2019,146,464,low,52,10,2018,1,40596.65028503176
5103,2020,146,464,low,53,11,2018,1,40756.235470472035
5104,2010,198,465,high,50,9,2018,0,40100.47171105355
5105,2011,198,465,high,51,10,2018,0,40203.30581025851
5106,2012,198,465,high,52,11,2018,0,38240.055450446125
5107,2013,198,465,high,53,12,2018,0,40892.1584432663
5108,2014,198,465,high,54,13,2018,0,39152.622682164496
5109,2015,198,465,high,55,14,2018,0,41962.16508580165
5110,2016,198,465,high,56,15,2018,0,41338.70411702352
5111,2017,198,465,high,57,16,2018,0,47878.76324556572
5112,2018,198,465,high,58,17,2018,1,48220.21123249658
5113,2019,198,465,high,59,18,2018,1,45991.52086747682
5114,2020,198,465,high,60,19,2018,1,49031.63957864615
5115,2010,154,466,low,46,1,2018,0,32538.717491275776
5116,2011,154,466,low,47,2,2018,0,35346.72789230505
5117,2012,154,466,low,48,3,2018,0,31321.095200122563
5118,2013,154,466,low,49,4,2018,0,29835.14405195272
5119,2014,154,466,low,50,5,2018,0,35133.67402286196
5120,2015,154,466,low,51,6,2018,0,31238.8025882007
5121,2016,154,466,low,52,7,2018,0,33627.68911698503
5122,2017,154,466,low,53,8,2018,0,34484.75902897801
5123,2018,154,466,low,54,9,2018,1,40360.73309339978
5124,2019,154,466,low,55,10,2018,1,42378.328914148675
5125,2020,154,466,low,56,11,2018,1,40132.731435427224
5126,2010,139,467,low,53,8,2014,0,34452.541495666475
5127,2011,139,467,low,54,9,2014,0,35471.45929410122
5128,2012,139,467,low,55,10,2014,0,36299.19591503758
5129,2013,139,467,low,56,11,2014,0,36695.65434941585
5130,2014,139,467,low,57,12,2014,1,42872.01155044516
5131,2015,139,467,low,58,13,2014,1,44187.679019283474
5132,2016,139,467,low,59,14,2014,1,43785.26823130194
5133,2017,139,467,low,60,15,2014,1,44407.17104701843
5134,2018,139,467,low,61,16,2014,1,40835.55366650705
5135,2019,139,467,low,62,17,2014,1,44600.45539833136
5136,2020,139,467,low,63,18,2014,1,45959.01509600322
5137,2010,151,468,medium,36,9,2017,0,33557.8823891409
5138,2011,151,468,medium,37,10,2017,0,31215.298451532413
5139,2012,151,468,medium,38,11,2017,0,31781.92145022271
5140,2013,151,468,medium,39,12,2017,0,32451.798649432803
5141,2014,151,468,medium,40,13,2017,0,35172.82779978269
5142,2015,151,468,medium,41,14,2017,0,36667.762109848416
5143,2016,151,468,medium,42,15,2017,0,34285.0797854168
5144,2017,151,468,medium,43,16,2017,1,42415.9246272541
5145,2018,151,468,medium,44,17,2017,1,41346.95961832919
5146,2019,151,468,medium,45,18,2017,1,41351.42844567513
5147,2020,151,468,medium,46,19,2017,1,41677.23154036406
5148,2010,115,469,low,27,9,2015,0,28893.222729204314
5149,2011,115,469,low,28,10,2015,0,28551.15563357414
5150,2012,115,469,low,29,11,2015,0,32951.65085529527
5151,2013,115,469,low,30,12,2015,0,27195.550714005352
5152,2014,115,469,low,31,13,2015,0,30436.20340405995
5153,2015,115,469,low,32,14,2015,1,33841.59798037697
5154,2016,115,469,low,33,15,2015,1,33661.42602602271
5155,2017,115,469,low,34,16,2015,1,35878.265725930054
5156,2018,115,469,low,35,17,2015,1,36674.70495881407
5157,2019,115,469,low,36,18,2015,1,42736.34711012019
5158,2020,115,469,low,37,19,2015,1,37031.7083686336
5159,2010,112,470,high,37,1,2015,0,31539.642541030633
5160,2011,112,470,high,38,2,2015,0,34846.02143498877
5161,2012,112,470,high,39,3,2015,0,30650.719924907266
5162,2013,112,470,high,40,4,2015,0,35116.08643479147
5163,2014,112,470,high,41,5,2015,0,35832.05056459032
5164,2015,112,470,high,42,6,2015,1,42889.200765890426
5165,2016,112,470,high,43,7,2015,1,43747.244498855696
5166,2017,112,470,high,44,8,2015,1,41292.860762184566
5167,2018,112,470,high,45,9,2015,1,42498.771970740134
5168,2019,112,470,high,46,10,2015,1,41767.75833877866
5169,2020,112,470,high,47,11,2015,1,41543.87489038461
5170,2010,129,471,medium,42,2,2012,0,33119.789558761266
5171,2011,129,471,medium,43,3,2012,0,30452.828902806803
5172,2012,129,471,medium,44,4,2012,1,37670.74619885627
5173,2013,129,471,medium,45,5,2012,1,37009.65208020152
5174,2014,129,471,medium,46,6,2012,1,40599.366372580516
5175,2015,129,471,medium,47,7,2012,1,43602.86019853297
5176,2016,129,471,medium,48,8,2012,1,37896.824034393336
5177,2017,129,471,medium,49,9,2012,1,37293.96303420486
5178,2018,129,471,medium,50,10,2012,1,41250.226229299864
5179,2019,129,471,medium,51,11,2012,1,42031.39559191552
5180,2020,129,471,medium,52,12,2012,1,42937.318613514595
5181,2010,118,472,low,32,1,2014,0,26407.35896953131
5182,2011,118,472,low,33,2,2014,0,27398.721402349136
5183,2012,118,472,low,34,3,2014,0,29035.020821081205
5184,2013,118,472,low,35,4,2014,0,30880.86178528968
5185,2014,118,472,low,36,5,2014,1,30389.902459363435
5186,2015,118,472,low,37,6,2014,1,34062.121121937074
5187,2016,118,472,low,38,7,2014,1,35727.61758788212
5188,2017,118,472,low,39,8,2014,1,33964.047790778524
5189,2018,118,472,low,40,9,2014,1,39762.339263534595
5190,2019,118,472,low,41,10,2014,1,35529.180239542526
5191,2020,118,472,low,42,11,2014,1,37217.41462598543
5192,2010,116,473,medium,45,2,2014,0,34512.04419368458
5193,2011,116,473,medium,46,3,2014,0,32717.43042239621
5194,2012,116,473,medium,47,4,2014,0,30706.853904391166
5195,2013,116,473,medium,48,5,2014,0,34042.690946166935
5196,2014,116,473,medium,49,6,2014,1,42458.88111185408
5197,2015,116,473,medium,50,7,2014,1,40226.209746429726
5198,2016,116,473,medium,51,8,2014,1,39707.13139708204
5199,2017,116,473,medium,52,9,2014,1,43751.34441900544
5200,2018,116,473,medium,53,10,2014,1,41738.450207953894
5201,2019,116,473,medium,54,11,2014,1,41879.67837269956
5202,2020,116,473,medium,55,12,2014,1,43698.91217932662
5203,2010,162,474,high,39,8,2014,0,37341.50041923758
5204,2011,162,474,high,40,9,2014,0,41063.42706346509
5205,2012,162,474,high,41,10,2014,0,38454.47221531485
5206,2013,162,474,high,42,11,2014,0,39619.679932776686
5207,2014,162,474,high,43,12,2014,1,41788.06760202429
5208,2015,162,474,high,44,13,2014,1,41248.26378806105
5209,2016,162,474,high,45,14,2014,1,43924.662699238244
5210,2017,162,474,high,46,15,2014,1,44514.339830519195
5211,2018,162,474,high,47,16,2014,1,42642.974517270806
5212,2019,162,474,high,48,17,2014,1,44949.41094019198
5213,2020,162,474,high,49,18,2014,1,46598.635203438265
5214,2010,118,475,high,25,5,2016,0,31720.78679003616
5215,2011,118,475,high,26,6,2016,0,32508.575706768544
5216,2012,118,475,high,27,7,2016,0,32581.929460274885
5217,2013,118,475,high,28,8,2016,0,31485.98268145989
5218,2014,118,475,high,29,9,2016,0,31972.198746702314
5219,2015,118,475,high,30,10,2016,0,31102.097204012247
5220,2016,118,475,high,31,11,2016,1,42569.55007837019
5221,2017,118,475,high,32,12,2016,1,39526.90072923859
5222,2018,118,475,high,33,13,2016,1,39550.2938884103
5223,2019,118,475,high,34,14,2016,1,38642.41583709508
5224,2020,118,475,high,35,15,2016,1,46871.315804655555
5225,2010,191,476,medium,27,7,2013,0,26853.34393555421
5226,2011,191,476,medium,28,8,2013,0,28642.304148787855
5227,2012,191,476,medium,29,9,2013,0,30831.67367257212
5228,2013,191,476,medium,30,10,2013,1,36700.42593148856
5229,2014,191,476,medium,31,11,2013,1,37915.864110431365
5230,2015,191,476,medium,32,12,2013,1,40115.217015538525
5231,2016,191,476,medium,33,13,2013,1,38012.315310921425
5232,2017,191,476,medium,34,14,2013,1,35387.93840006666
5233,2018,191,476,medium,35,15,2013,1,37486.10974975643
5234,2019,191,476,medium,36,16,2013,1,39115.66474502777
5235,2020,191,476,medium,37,17,2013,1,43136.452083011645
5236,2010,157,477,high,50,2,2016,0,35104.38904315141
5237,2011,157,477,high,51,3,2016,0,40805.153010450456
5238,2012,157,477,high,52,4,2016,0,39259.82873909283
5239,2013,157,477,high,53,5,2016,0,41075.66107045896
5240,2014,157,477,high,54,6,2016,0,39696.01056672814
5241,2015,157,477,high,55,7,2016,0,38715.134739747344
5242,2016,157,477,high,56,8,2016,1,47401.745558802664
5243,2017,157,477,high,57,9,2016,1,47708.86205421124
5244,2018,157,477,high,58,10,2016,1,48844.11393147944
5245,2019,157,477,high,59,11,2016,1,47373.39072924273
5246,2020,157,477,high,60,12,2016,1,46700.355953360304
5247,2010,154,478,high,32,8,2013,0,30582.426009952316
5248,2011,154,478,high,33,9,2013,0,35838.74653627881
5249,2012,154,478,high,34,10,2013,0,35547.77896488797
5250,2013,154,478,high,35,11,2013,1,38268.43473427208
5251,2014,154,478,high,36,12,2013,1,39622.85265340675
5252,2015,154,478,high,37,13,2013,1,40266.48237609712
5253,2016,154,478,high,38,14,2013,1,38734.03113603516
5254,2017,154,478,high,39,15,2013,1,40564.63520678973
5255,2018,154,478,high,40,16,2013,1,40432.339286387294
5256,2019,154,478,high,41,17,2013,1,42375.04197622413
5257,2020,154,478,high,42,18,2013,1,42222.605003340876
5258,2010,189,479,medium,28,6,2014,0,25845.990158266504
5259,2011,189,479,medium,29,7,2014,0,33645.18046113896
5260,2012,189,479,medium,30,8,2014,0,32605.08146205846
5261,2013,189,479,medium,31,9,2014,0,29041.961156960027
5262,2014,189,479,medium,32,10,2014,1,36644.842793307216
5263,2015,189,479,medium,33,11,2014,1,37434.93017964259
5264,2016,189,479,medium,34,12,2014,1,39482.17170954695
5265,2017,189,479,medium,35,13,2014,1,35962.78994667984
5266,2018,189,479,medium,36,14,2014,1,40284.21356796485
5267,2019,189,479,medium,37,15,2014,1,37504.18939158613
5268,2020,189,479,medium,38,16,2014,1,36428.275191662775
5269,2010,189,480,low,40,8,2014,0,32548.273118628993
5270,2011,189,480,low,41,9,2014,0,34181.51684824486
5271,2012,189,480,low,42,10,2014,0,37275.81794706137
5272,2013,189,480,low,43,11,2014,0,30200.549469819573
5273,2014,189,480,low,44,12,2014,1,39497.83937016158
5274,2015,189,480,low,45,13,2014,1,37780.397512412936
5275,2016,189,480,low,46,14,2014,1,40666.71742104806
5276,2017,189,480,low,47,15,2014,1,36659.0208975375
5277,2018,189,480,low,48,16,2014,1,37574.46044860287
5278,2019,189,480,low,49,17,2014,1,39048.250353667034
5279,2020,189,480,low,50,18,2014,1,41257.92809133617
5280,2010,161,481,medium,54,1,2016,0,34617.83746692329
5281,2011,161,481,medium,55,2,2016,0,37718.10868782684
5282,2012,161,481,medium,56,3,2016,0,38953.789236515826
5283,2013,161,481,medium,57,4,2016,0,38599.15508249071
5284,2014,161,481,medium,58,5,2016,0,41137.57527932174
5285,2015,161,481,medium,59,6,2016,0,39231.65325891069
5286,2016,161,481,medium,60,7,2016,1,41466.20657931967
5287,2017,161,481,medium,61,8,2016,1,47126.75302707668
5288,2018,161,481,medium,62,9,2016,1,43689.687528788
5289,2019,161,481,medium,63,10,2016,1,47220.83699937114
5290,2020,161,481,medium,64,11,2016,1,49047.46843311021
5291,2010,122,482,high,47,1,2016,0,37713.3760214608
5292,2011,122,482,high,48,2,2016,0,34307.6823736707
5293,2012,122,482,high,49,3,2016,0,35963.57566698042
5294,2013,122,482,high,50,4,2016,0,40945.48893377027
5295,2014,122,482,high,51,5,2016,0,38461.75462871437
5296,2015,122,482,high,52,6,2016,0,39459.14706988433
5297,2016,122,482,high,53,7,2016,1,46317.64883232722
5298,2017,122,482,high,54,8,2016,1,46692.64572416065
5299,2018,122,482,high,55,9,2016,1,46357.59962477092
5300,2019,122,482,high,56,10,2016,1,45882.66325755907
5301,2020,122,482,high,57,11,2016,1,46174.663108535286
5302,2010,108,483,low,34,7,2013,0,30815.797650582685
5303,2011,108,483,low,35,8,2013,0,30707.139062135586
5304,2012,108,483,low,36,9,2013,0,29585.39999876442
5305,2013,108,483,low,37,10,2013,1,37764.22462598628
5306,2014,108,483,low,38,11,2013,1,35841.93176974043
5307,2015,108,483,low,39,12,2013,1,34896.675651331214
5308,2016,108,483,low,40,13,2013,1,35582.05860219331
5309,2017,108,483,low,41,14,2013,1,35642.518327380465
5310,2018,108,483,low,42,15,2013,1,37555.179966792624
5311,2019,108,483,low,43,16,2013,1,41067.44855667239
5312,2020,108,483,low,44,17,2013,1,37489.80963793898
5313,2010,111,484,high,36,8,2015,0,35276.95152203621
5314,2011,111,484,high,37,9,2015,0,34086.621308745176
5315,2012,111,484,high,38,10,2015,0,35379.381917457125
5316,2013,111,484,high,39,11,2015,0,33379.9175760295
5317,2014,111,484,high,40,12,2015,0,36458.92354168693
5318,2015,111,484,high,41,13,2015,1,42012.58924039007
5319,2016,111,484,high,42,14,2015,1,43980.57588807139
5320,2017,111,484,high,43,15,2015,1,43846.56182651074
5321,2018,111,484,high,44,16,2015,1,41503.21575009591
5322,2019,111,484,high,45,17,2015,1,46568.396488087084
5323,2020,111,484,high,46,18,2015,1,45320.60608044399
5324,2010,100,485,low,38,3,2013,0,29896.787034354973
5325,2011,100,485,low,39,4,2013,0,29981.635293229723
5326,2012,100,485,low,40,5,2013,0,29464.48510555556
5327,2013,100,485,low,41,6,2013,1,36435.60467949745
5328,2014,100,485,low,42,7,2013,1,37451.17687185716
5329,2015,100,485,low,43,8,2013,1,33506.20861730889
5330,2016,100,485,low,44,9,2013,1,36422.478325307806
5331,2017,100,485,low,45,10,2013,1,37490.10605919282
5332,2018,100,485,low,46,11,2013,1,39012.34121138856
5333,2019,100,485,low,47,12,2013,1,41386.622011854255
5334,2020,100,485,low,48,13,2013,1,37956.518370806436
5335,2010,157,486,low,38,5,2016,0,28904.076306364317
5336,2011,157,486,low,39,6,2016,0,29374.9317787069
5337,2012,157,486,low,40,7,2016,0,29296.944819790915
5338,2013,157,486,low,41,8,2016,0,30705.627009775475
5339,2014,157,486,low,42,9,2016,0,33441.60443997594
5340,2015,157,486,low,43,10,2016,0,30292.329009271307
5341,2016,157,486,low,44,11,2016,1,38755.628790305804
5342,2017,157,486,low,45,12,2016,1,34996.19553996333
5343,2018,157,486,low,46,13,2016,1,37777.32400711559
5344,2019,157,486,low,47,14,2016,1,38741.02139956403
5345,2020,157,486,low,48,15,2016,1,43249.71934582813
5346,2010,100,487,medium,26,1,2017,0,26950.395390494625
5347,2011,100,487,medium,27,2,2017,0,23597.513053098162
5348,2012,100,487,medium,28,3,2017,0,24502.2221862775
5349,2013,100,487,medium,29,4,2017,0,29068.059172693364
5350,2014,100,487,medium,30,5,2017,0,30727.54171157982
5351,2015,100,487,medium,31,6,2017,0,30750.911715254504
5352,2016,100,487,medium,32,7,2017,0,30835.14021160198
5353,2017,100,487,medium,33,8,2017,1,38324.51919501134
5354,2018,100,487,medium,34,9,2017,1,35420.817558525734
5355,2019,100,487,medium,35,10,2017,1,38789.82111205365
5356,2020,100,487,medium,36,11,2017,1,34235.97022994717
5357,2010,133,488,low,47,7,2016,0,31190.10433412387
5358,2011,133,488,low,48,8,2016,0,29885.917210136366
5359,2012,133,488,low,49,9,2016,0,33450.309398660414
5360,2013,133,488,low,50,10,2016,0,34407.477565467314
5361,2014,133,488,low,51,11,2016,0,35228.20298445304
5362,2015,133,488,low,52,12,2016,0,35623.76670577427
5363,2016,133,488,low,53,13,2016,1,39144.89333837655
5364,2017,133,488,low,54,14,2016,1,41119.51831117357
5365,2018,133,488,low,55,15,2016,1,39005.1066627885
5366,2019,133,488,low,56,16,2016,1,45226.4579502645
5367,2020,133,488,low,57,17,2016,1,42392.747854204
5368,2010,195,489,high,29,5,2017,0,31222.227761912618
5369,2011,195,489,high,30,6,2017,0,35877.88065688816
5370,2012,195,489,high,31,7,2017,0,30715.506932901542
5371,2013,195,489,high,32,8,2017,0,31448.825771936063
5372,2014,195,489,high,33,9,2017,0,32007.55935026287
5373,2015,195,489,high,34,10,2017,0,34564.257236601035
5374,2016,195,489,high,35,11,2017,0,36063.2632592752
5375,2017,195,489,high,36,12,2017,1,42179.35093623567
5376,2018,195,489,high,37,13,2017,1,46343.99063498994
5377,2019,195,489,high,38,14,2017,1,37201.13509159847
5378,2020,195,489,high,39,15,2017,1,43417.47117824883
5379,2010,147,490,high,29,8,2012,0,31685.73885485554
5380,2011,147,490,high,30,9,2012,0,32127.169702222454
5381,2012,147,490,high,31,10,2012,1,37560.455743492246
5382,2013,147,490,high,32,11,2012,1,37482.46065838405
5383,2014,147,490,high,33,12,2012,1,43169.04966920691
5384,2015,147,490,high,34,13,2012,1,41984.5946540278
5385,2016,147,490,high,35,14,2012,1,40846.39195711475
5386,2017,147,490,high,36,15,2012,1,44002.031504974
5387,2018,147,490,high,37,16,2012,1,38774.94206940225
5388,2019,147,490,high,38,17,2012,1,39638.589737338145
5389,2020,147,490,high,39,18,2012,1,38444.064535610625
5390,2010,188,491,high,30,8,2016,0,31701.170919753426
5391,2011,188,491,high,31,9,2016,0,33923.397053409506
5392,2012,188,491,high,32,10,2016,0,34305.717155864666
5393,2013,188,491,high,33,11,2016,0,34898.68382211976
5394,2014,188,491,high,34,12,2016,0,32277.886337867836
5395,2015,188,491,high,35,13,2016,0,37206.30948522804
5396,2016,188,491,high,36,14,2016,1,41579.255036477996
5397,2017,188,491,high,37,15,2016,1,43066.108562932
5398,2018,188,491,high,38,16,2016,1,38314.4756448199
5399,2019,188,491,high,39,17,2016,1,43222.98171759558
5400,2020,188,491,high,40,18,2016,1,40724.469520164945
5401,2010,100,492,medium,37,9,2012,0,31605.353494897277
5402,2011,100,492,medium,38,10,2012,0,33968.72979727277
5403,2012,100,492,medium,39,11,2012,1,38582.187212511824
5404,2013,100,492,medium,40,12,2012,1,37196.920040441364
5405,2014,100,492,medium,41,13,2012,1,39412.54631236884
5406,2015,100,492,medium,42,14,2012,1,36836.92936951271
5407,2016,100,492,medium,43,15,2012,1,42700.53479179659
5408,2017,100,492,medium,44,16,2012,1,40489.431961007496
5409,2018,100,492,medium,45,17,2012,1,43637.09988851065
5410,2019,100,492,medium,46,18,2012,1,40846.93662580792
5411,2020,100,492,medium,47,19,2012,1,41352.84802318683
5412,2010,115,493,low,33,7,2015,0,27271.626426724306
5413,2011,115,493,low,34,8,2015,0,31052.347863386152
5414,2012,115,493,low,35,9,2015,0,28381.13768534305
5415,2013,115,493,low,36,10,2015,0,31589.190864830354
5416,2014,115,493,low,37,11,2015,0,30035.09520466142
5417,2015,115,493,low,38,12,2015,1,32348.07340021676
5418,2016,115,493,low,39,13,2015,1,35659.37186442707
5419,2017,115,493,low,40,14,2015,1,34941.7835712743
5420,2018,115,493,low,41,15,2015,1,37867.80544736468
5421,2019,115,493,low,42,16,2015,1,35919.18452865102
5422,2020,115,493,low,43,17,2015,1,40651.95020142923
5423,2010,160,494,medium,54,1,2013,0,35717.84827929395
5424,2011,160,494,medium,55,2,2013,0,36044.80801048252
5425,2012,160,494,medium,56,3,2013,0,38211.78427557516
5426,2013,160,494,medium,57,4,2013,1,44327.81386815172
5427,2014,160,494,medium,58,5,2013,1,42859.802496460696
5428,2015,160,494,medium,59,6,2013,1,41857.59940090142
5429,2016,160,494,medium,60,7,2013,1,40352.06076777574
5430,2017,160,494,medium,61,8,2013,1,43027.90048592964
5431,2018,160,494,medium,62,9,2013,1,43665.57550670407
5432,2019,160,494,medium,63,10,2013,1,45614.11490598459
5433,2020,160,494,medium,64,11,2013,1,45209.70623772395
5434,2010,163,495,medium,46,3,2017,0,35275.86594410286
5435,2011,163,495,medium,47,4,2017,0,33174.03345745862
5436,2012,163,495,medium,48,5,2017,0,34785.91766629412
5437,2013,163,495,medium,49,6,2017,0,37767.97488639378
5438,2014,163,495,medium,50,7,2017,0,36583.65042790993
5439,2015,163,495,medium,51,8,2017,0,36279.92491662287
5440,2016,163,495,medium,52,9,2017,0,35696.11111612964
5441,2017,163,495,medium,53,10,2017,1,41133.53720657004
5442,2018,163,495,medium,54,11,2017,1,41198.7734940961
5443,2019,163,495,medium,55,12,2017,1,42317.9862684342
5444,2020,163,495,medium,56,13,2017,1,45411.331677488626
5445,2010,162,496,medium,52,8,2013,0,36256.223457415465
5446,2011,162,496,medium,53,9,2013,0,34500.45386123754
5447,2012,162,496,medium,54,10,2013,0,41236.338586119564
5448,2013,162,496,medium,55,11,2013,1,43839.930382290324
5449,2014,162,496,medium,56,12,2013,1,40886.11319897366
5450,2015,162,496,medium,57,13,2013,1,43316.302145518355
5451,2016,162,496,medium,58,14,2013,1,44921.77276565684
5452,2017,162,496,medium,59,15,2013,1,48609.18418659476
5453,2018,162,496,medium,60,16,2013,1,43483.77508348226
5454,2019,162,496,medium,61,17,2013,1,48152.081438711895
5455,2020,162,496,medium,62,18,2013,1,49498.97285394469
5456,2010,168,497,low,53,3,2012,0,32742.69138985086
5457,2011,168,497,low,54,4,2012,0,33944.97276227953
5458,2012,168,497,low,55,5,2012,1,37927.38150525246
5459,2013,168,497,low,56,6,2012,1,40093.07771783939
5460,2014,168,497,low,57,7,2012,1,40926.820051314135
5461,2015,168,497,low,58,8,2012,1,42819.299996164744
5462,2016,168,497,low,59,9,2012,1,44180.36694204089
5463,2017,168,497,low,60,10,2012,1,41003.807870756704
5464,2018,168,497,low,61,11,2012,1,39065.34987154801
5465,2019,168,497,low,62,12,2012,1,43457.51044144751
5466,2020,168,497,low,63,13,2012,1,44587.075059937284
5467,2010,121,498,medium,39,8,2017,0,33298.83537537009
5468,2011,121,498,medium,40,9,2017,0,32646.65350498191
5469,2012,121,498,medium,41,10,2017,0,34049.50419932787
5470,2013,121,498,medium,42,11,2017,0,37330.889616704495
5471,2014,121,498,medium,43,12,2017,0,35563.46833792502
5472,2015,121,498,medium,44,13,2017,0,34553.26314999383
5473,2016,121,498,medium,45,14,2017,0,34799.60436580801
5474,2017,121,498,medium,46,15,2017,1,40960.29528464454
5475,2018,121,498,medium,47,16,2017,1,45073.47992366128
5476,2019,121,498,medium,48,17,2017,1,41933.39858094761
5477,2020,121,498,medium,49,18,2017,1,42760.41131095858
5478,2010,192,499,medium,38,1,2013,0,30135.372858127394
5479,2011,192,499,medium,39,2,2013,0,33797.96671488393
5480,2012,192,499,medium,40,3,2013,0,36019.67450948935
5481,2013,192,499,medium,41,4,2013,1,38501.226098862775
5482,2014,192,499,medium,42,5,2013,1,38265.54580757085
5483,2015,192,499,medium,43,6,2013,1,38673.56566634847
5484,2016,192,499,medium,44,7,2013,1,34331.386422428506
5485,2017,192,499,medium,45,8,2013,1,41090.30172856963
5486,2018,192,499,medium,46,9,2013,1,40368.33283199168
5487,2019,192,499,medium,47,10,2013,1,41456.68410132145
5488,2020,192,499,medium,48,11,2013,1,39677.07561183259
5489,2010,166,500,high,48,5,2016,0,37131.086242045814
5490,2011,166,500,high,49,6,2016,0,37577.95012699365
5491,2012,166,500,high,50,7,2016,0,40943.245968146075
5492,2013,166,500,high,51,8,2016,0,38642.48032679381
5493,2014,166,500,high,52,9,2016,0,44065.320644219595
5494,2015,166,500,high,53,10,2016,0,41261.72483803007
5495,2016,166,500,high,54,11,2016,1,43348.63468000854
5496,2017,166,500,high,55,12,2016,1,46142.90741349608
5497,2018,166,500,high,56,13,2016,1,45596.64975568717
5498,2019,166,500,high,57,14,2016,1,43011.23506035995
5499,2020,166,500,high,58,15,2016,1,51098.941880227576
